round_num,accuracy,loss
0,0.0452,2.3817772247314455
1,0.7856,1.0325785762786865
2,0.8318,0.675669542503357
3,0.8769,0.4743537000656128
