round_num,accuracy,loss
0,0.0898,2.35042131729126
1,0.6692,1.099687561607361
2,0.9232,0.24967244889736176
3,0.96,0.12538516382873058
