round_num,accuracy,loss
0,0.1109,2.3329603786468507
1,0.6308,1.5745929334640503
2,0.7732,1.1216504396438598
3,0.8096,0.8974092874526978
