round_num,accuracy,loss
0,0.1413,2.346134645462036
1,0.6879,1.485412875175476
2,0.7899,1.0297919107437135
3,0.8333,0.8036497888565064
