round_num,accuracy,loss
0,0.10883674488267599,1.8569804399655094
1,0.14578132800798801,1.7482197395397077
2,0.6674987518721918,1.1751632922986002
3,0.6674987518721918,1.1780055932146396
