round_num,node_0,node_1,node_2,node_3,node_4,node_5,node_6,node_7,node_8,node_9
1,4.312137126922607,4.426124095916748,4.260754585266113,4.210081100463867,4.272174835205078,4.1778388023376465,4.321159839630127,4.353075981140137,4.329365253448486,4.267390251159668
2,4.6419806480407715,4.558866500854492,4.349417209625244,4.247029781341553,4.332156181335449,4.406421184539795,4.42864990234375,4.349857807159424,4.345008850097656,4.379907131195068
3,4.853151798248291,4.907428741455078,4.691526412963867,4.616681098937988,4.601139068603516,4.7016096115112305,4.626246452331543,4.673330307006836,4.636989116668701,4.561594486236572
