round_num,accuracy,loss
0,0.1335,2.2957568199157716
1,0.9187,0.3200345455408096
2,0.9744,0.07689076173827052
3,0.9818,0.05415642258133739
