round_num,accuracy,loss
0,0.1046,2.3912796562194822
1,0.9117,0.30964267280101776
2,0.972,0.08447824876457453
3,0.9804,0.05605160604454577
