round_num,node_0,node_1,node_2,node_3,node_4,node_5,node_6,node_7,node_8,node_9
1,4.508882999420166,4.467449188232422,4.2924604415893555,4.474340438842773,4.386541843414307,4.309701442718506,4.367868900299072,4.323705196380615,4.393551349639893,4.295401096343994
2,4.665463924407959,4.689116954803467,4.649648189544678,4.548157691955566,4.547137260437012,4.588581562042236,4.52152681350708,4.555679798126221,4.530074596405029,4.441380500793457
3,4.904636383056641,4.85742712020874,4.745167255401611,4.738010406494141,4.676268100738525,4.7488322257995605,4.761952877044678,4.730075836181641,4.8187575340271,4.85999059677124
