round_num,accuracy,loss
0,0.6674987518721918,1.7529183514286029
1,0.6674987518721918,1.2258900936043864
2,0.6674987518721918,1.2691207282018258
3,0.6674987518721918,1.3327286058941068
