round_num,accuracy,loss
0,0.1872191712431353,1.7842841835183854
1,0.6674987518721918,1.2795366671938808
2,0.6674987518721918,1.377286969365564
3,0.6674987518721918,1.459917734815547
