round_num,accuracy,loss
0,0.0844,2.3745280113220213
1,0.1003,2.4468337837219236
2,0.098,2.7106666732788085
3,0.098,2.582341373825073
