round_num,node_0,node_1,node_2,node_3,node_4,node_5,node_6,node_7,node_8,node_9
1,3.320024013519287,3.313014268875122,3.3200998306274414,3.321821451187134,3.3275437355041504,3.3181731700897217,3.3111722469329834,3.3276867866516113,3.3122425079345703,3.3223111629486084
2,3.315342903137207,3.310464859008789,3.3260836601257324,3.3203394412994385,3.3176167011260986,3.313715696334839,3.316307544708252,3.320568561553955,3.323241949081421,3.324793577194214
3,3.3161873817443848,3.3234357833862305,3.3180065155029297,3.3111493587493896,3.3162710666656494,3.3302042484283447,3.3229408264160156,3.3139331340789795,3.3233213424682617,3.3258249759674072
