round_num,accuracy,loss
0,0.1007,2.4141820285797118
1,0.7398,1.2464593482971191
2,0.8377,0.8249796606063843
3,0.8579,0.638500642824173
