round_num,accuracy,loss
0,0.0992,2.3405978382110595
1,0.7058,1.3296613088607787
2,0.7997,0.9039589054107666
3,0.8384,0.7023733253479004
