round_num,accuracy,loss
0,0.1091,2.367661198425293
1,0.6674,1.0604629086494446
2,0.711,0.7919194054603577
3,0.761,0.611824101638794
