round_num,accuracy,loss
0,0.1151,2.359516177368164
1,0.6769,1.0198301761627198
2,0.7345,0.7437160765647888
3,0.7743,0.5987886891365052
