round_num,node_0,node_1,node_2,node_3,node_4,node_5,node_6,node_7,node_8,node_9
1,3.3876357078552246,3.3705947399139404,3.3585264682769775,3.379953622817993,3.36761212348938,3.3787014484405518,3.3498804569244385,3.3655502796173096,3.3577992916107178,3.3809902667999268
2,3.3909127712249756,3.36783504486084,3.369279384613037,3.389730930328369,3.370927333831787,3.3637845516204834,3.3683578968048096,3.3949196338653564,3.373307228088379,3.374631404876709
3,3.3905436992645264,3.386420726776123,3.395885705947876,3.3791682720184326,3.3803422451019287,3.3667123317718506,3.37766695022583,3.3954403400421143,3.3623406887054443,3.3597192764282227
