round_num,accuracy,loss
0,0.1374,2.34313755569458
1,0.7073,1.3643928705215453
2,0.7729,0.978478329372406
3,0.8135,0.7623948206901551
