round_num,accuracy,loss
0,0.085,2.3693151832580566
1,0.5031,1.7426245985031128
2,0.6842,1.22599350605011
3,0.7507,0.9860780208587646
