round_num,node_0,node_1,node_2,node_3,node_4,node_5,node_6,node_7,node_8,node_9,node_10,node_11,node_12,node_13,node_14,node_15,node_16,node_17,node_18,node_19
1,3.21559739112854,3.2105026245117188,3.2088122367858887,3.2077152729034424,3.202481508255005,3.2098374366760254,3.2118561267852783,3.2121505737304688,3.211244821548462,3.2096800804138184,3.211524724960327,3.2082226276397705,3.2080445289611816,3.203986167907715,3.2142326831817627,3.208514451980591,3.207714557647705,3.213982105255127,3.2176127433776855,3.209113597869873
2,3.2016141414642334,3.211951971054077,3.210659980773926,3.2095844745635986,3.2125797271728516,3.2116341590881348,3.210383415222168,3.2116472721099854,3.204115629196167,3.2082676887512207,3.208667516708374,3.2131145000457764,3.208033561706543,3.212315559387207,3.203751564025879,3.2114319801330566,3.213242769241333,3.210871934890747,3.2133309841156006,3.2069177627563477
3,3.2141454219818115,3.209155797958374,3.208118438720703,3.209615468978882,3.213156223297119,3.205685615539551,3.2087020874023438,3.206958770751953,3.2058212757110596,3.206263542175293,3.209280014038086,3.213937759399414,3.2081048488616943,3.2022147178649902,3.2039783000946045,3.210886001586914,3.210946559906006,3.2079555988311768,3.213606357574463,3.204557180404663
