round_num,accuracy,loss
0,0.0973,2.4416996726989746
1,0.505,1.774972779273987
2,0.6419,1.2689508687973023
3,0.6992,1.0471082922935486
