round_num,accuracy,loss
0,0.1052,2.3261516708374024
1,0.6519,1.006796696472168
2,0.9437,0.19173862497210503
3,0.9667,0.10505896563082934
