round_num,accuracy,loss
0,0.1174,2.351825020599365
1,0.1529,2.45347716255188
2,0.1046,2.4099793689727784
3,0.0903,2.5667467540740967
