round_num,accuracy,loss
0,0.119,2.2903311283111574
1,0.5698,1.5471682682037353
2,0.7059,1.115807712173462
3,0.7364,0.8969717580795288
