round_num,node_0,node_1,node_2,node_3,node_4,node_5,node_6,node_7,node_8,node_9,node_10,node_11,node_12,node_13,node_14
1,3.296238899230957,3.284515380859375,3.285630226135254,3.2887938022613525,3.2872047424316406,3.2934441566467285,3.278761625289917,3.28562331199646,3.285980701446533,3.2885942459106445,3.2846052646636963,3.2879483699798584,3.288146495819092,3.293814182281494,3.2867493629455566
2,3.2840828895568848,3.2948262691497803,3.283428907394409,3.2900657653808594,3.289219617843628,3.2912662029266357,3.2927560806274414,3.289492130279541,3.285236120223999,3.286837339401245,3.292691469192505,3.27629017829895,3.2901768684387207,3.2945823669433594,3.2769126892089844
3,3.279362678527832,3.2851040363311768,3.2857539653778076,3.284162998199463,3.279498338699341,3.2914955615997314,3.2869787216186523,3.285742998123169,3.289135456085205,3.287665843963623,3.2949674129486084,3.2912280559539795,3.2875075340270996,3.283043146133423,3.2860829830169678
