round_num,accuracy,loss
0,0.014977533699450823,2.1155998391386155
1,0.6674987518721918,1.327898358322654
2,0.6674987518721918,1.5119704750259102
3,0.6674987518721918,1.7411995697069096
