round_num,accuracy,loss
0,0.019470793809286072,1.8817675473150823
1,0.6674987518721918,1.2979589400741378
2,0.6674987518721918,1.287235253344044
3,0.6674987518721918,1.285786676990111
