round_num,accuracy,loss
0,0.1056,2.3708563076019287
1,0.5853,1.731434454727173
2,0.7054,1.2741042694091798
3,0.7555,1.0327081459999083
