round_num,accuracy,loss
0,0.0641,2.446661693954468
1,0.6369,1.5331461807250977
2,0.6974,1.1009398387908935
3,0.7347,0.8939613686561585
