round_num,node_0,node_1,node_2,node_3,node_4
1,3.303678035736084,3.298114538192749,3.3114407062530518,3.3004722595214844,3.3072354793548584
2,3.2890841960906982,3.3116488456726074,3.3170745372772217,3.3033342361450195,3.3093862533569336
3,3.3075361251831055,3.297755002975464,3.306701421737671,3.3001956939697266,3.316152572631836
