round_num,accuracy,loss
0,0.0959,2.4281942626953126
1,0.6923,0.9895442573547363
2,0.7736,0.636895500946045
3,0.8203,0.5122628624439239
