round_num,accuracy,loss
0,0.1082,2.340605380630493
1,0.7158,0.9475592432022095
2,0.7982,0.6100679424285889
3,0.8439,0.47238124747276306
