round_num,accuracy,loss
0,0.1597603594608088,1.8134318222954342
1,0.6674987518721918,1.2467442162918914
2,0.6674987518721918,1.339758406444841
3,0.6674987518721918,1.4027327572888753
