round_num,node_0,node_1,node_2,node_3,node_4,node_5,node_6,node_7,node_8,node_9
1,3.271793842315674,3.2502777576446533,3.3042099475860596,3.2614221572875977,3.2768993377685547,3.2867324352264404,3.260101318359375,3.285949230194092,3.256632089614868,3.283832311630249
2,3.26519513130188,3.265310287475586,3.2811944484710693,3.2805724143981934,3.285036563873291,3.276038408279419,3.2546772956848145,3.2438762187957764,3.2787108421325684,3.265944242477417
3,3.232914447784424,3.2673463821411133,3.2627177238464355,3.25998854637146,3.2575888633728027,3.265397310256958,3.2761383056640625,3.2743730545043945,3.278207778930664,3.257117986679077
