{
  "experiment": "exp_0001_mnist_federated_star_5n_no_dp",
  "original_results": {
    "attack_results": [
      {
        "communication_matrix": [
          [
            0.0,
            0.0,
            0.0,
            0.0,
            0.0
          ],
          [
            6.0,
            0.0,
            0.0,
            0.0,
            0.0
          ],
          [
            6.0,
            0.0,
            0.0,
            0.0,
            0.0
          ],
          [
            6.0,
            0.0,
            0.0,
            0.0,
            0.0
          ],
          [
            6.0,
            0.0,
            0.0,
            0.0,
            0.0
          ]
        ],
        "node_clusters": {
          "0": 1,
          "1": 0,
          "2": 0,
          "3": 0,
          "4": 0
        },
        "temporal_patterns": {
          "1": {
            "timestamp_std": 5.58304613917251e-05,
            "comm_count": 2.0
          },
          "2": {
            "timestamp_std": 5.58304613917251e-05,
            "comm_count": 2.0
          },
          "3": {
            "timestamp_std": 5.58304613917251e-05,
            "comm_count": 2.0
          },
          "4": {
            "timestamp_std": 5.58304613917251e-05,
            "comm_count": 2.0
          }
        },
        "attack_success_metric": 0.8,
        "attack_name": "Communication Pattern Attack"
      },
      {
        "node_magnitude_stats": {
          "0": {
            "norm_mean": 3.432779,
            "norm_std": 0.023468,
            "norm_trend": 0.9999980172917736,
            "mean_of_means": 0.016814,
            "mean_of_stds": 0.201559
          },
          "1": {
            "norm_mean": 3.433707,
            "norm_std": 0.018685,
            "norm_trend": 0.9949374281346772,
            "mean_of_means": 0.01704,
            "mean_of_stds": 0.201597
          },
          "2": {
            "norm_mean": 3.428867,
            "norm_std": 0.026854,
            "norm_trend": 0.9864648800097753,
            "mean_of_means": 0.016265,
            "mean_of_stds": 0.201383
          },
          "3": {
            "norm_mean": 3.429752,
            "norm_std": 0.023326,
            "norm_trend": 0.9842474943695303,
            "mean_of_means": 0.016814,
            "mean_of_stds": 0.201388
          },
          "4": {
            "norm_mean": 3.432201,
            "norm_std": 0.023651,
            "norm_trend": 0.9872913724951591,
            "mean_of_means": 0.016884,
            "mean_of_stds": 0.20153
          }
        },
        "magnitude_clusters": {
          "0": 0,
          "1": 0,
          "2": 1,
          "3": 1,
          "4": 1
        },
        "temporal_magnitude": {
          "0": {
            "convergence_rate": 0.9999980172917736,
            "stability": 0.01916149677137078,
            "final_norm": 3.4562199115753174
          },
          "1": {
            "convergence_rate": 0.9949374281346772,
            "stability": 0.01525617725690819,
            "final_norm": 3.4512133598327637
          },
          "2": {
            "convergence_rate": 0.9864648800097753,
            "stability": 0.0219258386298013,
            "final_norm": 3.4528145790100098
          },
          "3": {
            "convergence_rate": 0.9842474943695303,
            "stability": 0.01904596164858583,
            "final_norm": 3.4503302574157715
          },
          "4": {
            "convergence_rate": 0.9872913724951591,
            "stability": 0.019310606784649697,
            "final_norm": 3.453380823135376
          }
        },
        "attack_success_metric": 0.6040820617101104,
        "attack_name": "Parameter Magnitude Attack"
      },
      {
        "topology_features": {
          "0": {
            "degree": 4,
            "position": 0,
            "is_central": 1,
            "neighbor_sum": 10
          },
          "1": {
            "degree": 1,
            "position": 1,
            "is_central": 0,
            "neighbor_sum": 0
          },
          "2": {
            "degree": 1,
            "position": 2,
            "is_central": 0,
            "neighbor_sum": 0
          },
          "3": {
            "degree": 1,
            "position": 3,
            "is_central": 0,
            "neighbor_sum": 0
          },
          "4": {
            "degree": 1,
            "position": 4,
            "is_central": 0,
            "neighbor_sum": 0
          }
        },
        "node_characteristics": {
          "0": {
            "avg_norm": 3.43277899424235,
            "norm_variability": 0.01916149677137078,
            "initial_norm": 3.4092841148376465,
            "final_norm": 3.4562199115753174
          },
          "1": {
            "avg_norm": 3.4337071577707925,
            "norm_variability": 0.01525617725690819,
            "initial_norm": 3.4140326976776123,
            "final_norm": 3.4512133598327637
          },
          "2": {
            "avg_norm": 3.428866704305013,
            "norm_variability": 0.0219258386298013,
            "initial_norm": 3.399834394454956,
            "final_norm": 3.4528145790100098
          },
          "3": {
            "avg_norm": 3.4297522703806558,
            "norm_variability": 0.01904596164858583,
            "initial_norm": 3.404412269592285,
            "final_norm": 3.4503302574157715
          },
          "4": {
            "avg_norm": 3.432200829188029,
            "norm_variability": 0.019310606784649697,
            "initial_norm": 3.4066808223724365,
            "final_norm": 3.453380823135376
          }
        },
        "correlations": {
          "position_vs_norm": -0.3922455079723115,
          "degree_vs_norm": 0.3575519381654798,
          "centrality_vs_variance": 0.051991977376570256
        },
        "topology_predictions": {
          "0": "central_hub",
          "1": "odd_position",
          "2": "even_position",
          "3": "odd_position",
          "4": "even_position"
        },
        "attack_success_metric": 0.3922455079723115,
        "attack_name": "Topology Structure Attack"
      }
    ]
  },
  "noise_injection_results": {
    "attack_results": [
      {
        "communication_matrix": [
          [
            0.0,
            0.0,
            0.0,
            0.0,
            1.0
          ],
          [
            6.0,
            0.0,
            0.0,
            1.0,
            0.0
          ],
          [
            7.0,
            0.0,
            0.0,
            0.0,
            0.0
          ],
          [
            6.0,
            0.0,
            1.0,
            0.0,
            0.0
          ],
          [
            6.0,
            0.0,
            0.0,
            0.0,
            0.0
          ]
        ],
        "node_clusters": {
          "0": 1,
          "1": 0,
          "2": 0,
          "3": 0,
          "4": 0
        },
        "temporal_patterns": {
          "0": {
            "timestamp_std": NaN,
            "comm_count": 1.0
          },
          "1": {
            "timestamp_std": 0.1371096551700656,
            "comm_count": 2.3333333333333335
          },
          "2": {
            "timestamp_std": 0.268230379210056,
            "comm_count": 2.3333333333333335
          },
          "3": {
            "timestamp_std": 0.25694594789781977,
            "comm_count": 2.3333333333333335
          },
          "4": {
            "timestamp_std": 0.21781668327192064,
            "comm_count": 2.0
          }
        },
        "attack_success_metric": 0.8,
        "attack_name": "Communication Pattern Attack"
      },
      {
        "node_magnitude_stats": {
          "0": {
            "norm_mean": 3.375041,
            "norm_std": 0.120187,
            "norm_trend": 0.14820432160846164,
            "mean_of_means": 0.016814,
            "mean_of_stds": 0.201559
          },
          "1": {
            "norm_mean": 3.392119,
            "norm_std": 0.112232,