round_num,accuracy,loss
0,0.0984,2.4853309658050535
1,0.2406,2.4222875968933106
2,0.1847,2.281755907821655
3,0.2068,2.101668728637695
