round_num,accuracy,loss
0,0.0874,2.4521769081115723
1,0.1839,2.73896826171875
2,0.1422,2.3431906955718995
3,0.2109,2.239469547843933
