round_num,accuracy,loss
0,0.6674987518721918,1.896491335560784
1,0.12581128307538691,1.714121772834675
2,0.6095856215676485,0.9922848200714713
3,0.6130803794308537,0.9585360746888357
