round_num,accuracy,loss
0,0.10634048926610085,2.1544948782375677
1,0.5017473789316026,1.8296308393068927
2,0.6674987518721918,1.1969407528742992
3,0.6674987518721918,1.199635785636578
