round_num,node_0,node_1,node_2,node_3,node_4,node_5,node_6,node_7,node_8,node_9
1,3.2759954929351807,3.2739462852478027,3.2882261276245117,3.27626633644104,3.2806966304779053,3.2756152153015137,3.2606282234191895,3.2817912101745605,3.2869277000427246,3.246877431869507
2,3.298880100250244,3.276625156402588,3.290952444076538,3.2741262912750244,3.278524160385132,3.2819478511810303,3.2934048175811768,3.277890682220459,3.2973079681396484,3.2659800052642822
3,3.2978906631469727,3.2894957065582275,3.2845380306243896,3.2950668334960938,3.298032522201538,3.2810218334198,3.25766658782959,3.3031179904937744,3.259897232055664,3.28518009185791
