round_num,node_0,node_1,node_2,node_3,node_4,node_5,node_6,node_7,node_8,node_9
1,3.1493279933929443,3.1387453079223633,3.1379852294921875,3.1420655250549316,3.174175977706909,3.147675037384033,3.1378355026245117,3.1525115966796875,3.1740877628326416,3.1634488105773926
2,3.1562469005584717,3.1475002765655518,3.1539039611816406,3.1465511322021484,3.157041311264038,3.1569247245788574,3.143650770187378,3.1260433197021484,3.151221990585327,3.1510276794433594
3,3.154785633087158,3.1368918418884277,3.1603150367736816,3.1489877700805664,3.160614490509033,3.1399505138397217,3.1808724403381348,3.167705774307251,3.142317295074463,3.187894821166992
