round_num,accuracy,loss
0,0.115,2.355907543182373
1,0.2852,2.0883071643829347
2,0.4575,1.799785159111023
3,0.6071,1.5242351129531861
