round_num,accuracy,loss
0,0.03344982526210684,2.0085032855161
1,0.6674987518721918,1.274353119235484
2,0.6674987518721918,1.4196128094726006
3,0.6674987518721918,1.5893587620926093
