round_num,accuracy,loss
0,0.08836744882675986,2.0552130758435023
1,0.6674987518721918,1.2935716702351259
2,0.6674987518721918,1.1670852648396524
3,0.6674987518721918,1.1776970461851588
