round_num,accuracy,loss
0,0.020469296055916127,2.1305252443952556
1,0.6674987518721918,1.2003413752443006
2,0.6674987518721918,1.2085236647220712
3,0.6674987518721918,1.2334063645904205
