round_num,accuracy,loss
0,0.08736894658012981,2.004248548434844
1,0.08986520219670495,1.991766595031045
2,0.09385921118322517,1.8634611022990166
3,0.15027458811782327,1.7634778780396796
