round_num,accuracy,loss
0,0.07289066400399401,1.8780415064087523
1,0.6674987518721918,1.2828599270200705
2,0.6674987518721918,1.434190619813164
3,0.6674987518721918,1.6051356834705865
