round_num,accuracy,loss
0,0.017473789316025962,1.9958413195383888
1,0.05341987019470794,1.9066300904578228
2,0.05391912131802296,1.9848461164216429
3,0.10584123814278582,1.9353661211621327
