round_num,accuracy,loss
0,0.102,2.457072422790527
1,0.4526,2.0168954399108885
2,0.7244,1.3521696517944335
3,0.7857,1.0915148279190063
