round_num,accuracy,loss
0,0.010484273589615577,2.022668375233323
1,0.6674987518721918,1.5323554430374549
2,0.6674987518721918,1.2673547195900219
3,0.6674987518721918,1.2219550678626454
