round_num,accuracy,loss
0,0.058,2.419613617706299
1,0.8342,0.8212142803192138
2,0.8765,0.5030270548343658
3,0.9085,0.34051723413467405
