round_num,accuracy,loss
0,0.113,2.3964965507507325
1,0.8116,0.9280098994255066
2,0.8703,0.5429807516098022
3,0.8991,0.37616296539306643
