round_num,accuracy,loss
0,0.11183225162256615,2.1709351113481756
1,0.6674987518721918,1.224851587743564
2,0.6674987518721918,1.1968332936450712
3,0.6674987518721918,1.2131949265004394
