round_num,accuracy,loss
0,0.0942,2.4291100482940675
1,0.4702,1.9158083070755005
2,0.7462,1.2878493198394776
3,0.7995,1.0371970217704773
