round_num,node_0,node_1,node_2,node_3,node_4,node_5,node_6,node_7,node_8,node_9,node_10,node_11,node_12,node_13,node_14,node_15,node_16,node_17,node_18,node_19
1,3.449507474899292,3.440098285675049,3.4378418922424316,3.438204765319824,3.439893960952759,3.4343984127044678,3.4395294189453125,3.4422714710235596,3.432410478591919,3.442399263381958,3.445492744445801,3.4424729347229004,3.4448978900909424,3.4317402839660645,3.43806529045105,3.443248987197876,3.443486213684082,3.4465668201446533,3.440783977508545,3.441133499145508
2,3.4382691383361816,3.4374265670776367,3.438103675842285,3.449681043624878,3.440854072570801,3.443110704421997,3.4382901191711426,3.4461987018585205,3.438922882080078,3.4329705238342285,3.453026294708252,3.4380040168762207,3.436790704727173,3.443748950958252,3.438514232635498,3.441498041152954,3.4400649070739746,3.4537925720214844,3.4347167015075684,3.4530460834503174
3,3.445307493209839,3.438671112060547,3.4402689933776855,3.439798593521118,3.4376566410064697,3.4393279552459717,3.4415841102600098,3.4420106410980225,3.4420931339263916,3.438539981842041,3.438023567199707,3.440850257873535,3.4432241916656494,3.4461097717285156,3.447577476501465,3.445190191268921,3.442077875137329,3.4480488300323486,3.4385712146759033,3.443171262741089
