round_num,accuracy,loss
0,0.099,2.3006316066741945
1,0.7084,1.029585277366638
2,0.754,0.7014629510879516
3,0.7951,0.5534365305900574
