round_num,accuracy,loss
0,0.05541687468796805,2.07256748494183
1,0.6674987518721918,1.3181342877451325
2,0.6674987518721918,1.311436708665049
3,0.6674987518721918,1.2013935487507226
