round_num,node_0,node_1,node_2,node_3,node_4,node_5,node_6,node_7,node_8,node_9
1,3.19486141204834,3.19486141204834,3.19767427444458,3.1979992389678955,3.1982531547546387,3.19486141204834,3.19486141204834,3.19486141204834,3.19486141204834,3.19486141204834
2,3.194176197052002,3.198845863342285,3.194176197052002,3.194176197052002,3.1942977905273438,3.196031332015991,3.194176197052002,3.194176197052002,3.194176197052002,3.194176197052002
3,3.1942360401153564,3.195998191833496,3.1942360401153564,3.1914761066436768,3.1942360401153564,3.1942360401153564,3.1942360401153564,3.1945228576660156,3.1942360401153564,3.1942360401153564
