round_num,accuracy,loss
0,0.010484273589615577,2.427043142642489
1,0.6674987518721918,1.628795138967079
2,0.6674987518721918,1.3305375826579002
3,0.6674987518721918,1.2521986253131823
