round_num,accuracy,loss
0,0.06340489266100849,1.8853868375226848
1,0.6674987518721918,1.5620068071249182
2,0.6674987518721918,1.4465063393145754
3,0.6674987518721918,1.3795083002989375
