round_num,accuracy,loss
0,0.03344982526210684,2.0423825542985115
1,0.6674987518721918,1.2089775297800065
2,0.6674987518721918,1.3124099503263378
3,0.6674987518721918,1.3818753919658575
