round_num,accuracy,loss
0,0.10883674488267599,1.9148164042459983
1,0.10883674488267599,1.914094428628073
2,0.10883674488267599,1.9206264755812752
3,0.10883674488267599,1.9287927199528923
