round_num,accuracy,loss
0,0.109,2.4016203125
1,0.5162,1.8520193990707396
2,0.7673,1.2735819580078125
3,0.832,0.9984684405326844
