round_num,accuracy,loss
0,0.10883674488267599,2.185086693694695
1,0.6674987518721918,1.272055008503061
2,0.6674987518721918,1.437244506044145
3,0.6674987518721918,1.6601607962006995
