round_num,accuracy,loss
0,0.017473789316025962,2.0086730121673493
1,0.2166749875187219,1.7476071205010606
2,0.6105841238142786,1.6912850426008745
3,0.6674987518721918,1.284547943683249
