round_num,node_0,node_1,node_2,node_3,node_4,node_5,node_6,node_7,node_8,node_9
1,3.3779103755950928,3.3705461025238037,3.375974655151367,3.3815364837646484,3.3692820072174072,3.3684256076812744,3.366105794906616,3.377379894256592,3.368875741958618,3.37790846824646
2,3.3786191940307617,3.3825838565826416,3.3806254863739014,3.3828392028808594,3.378096103668213,3.374021291732788,3.373508930206299,3.384040594100952,3.372103452682495,3.3770668506622314
3,3.378514051437378,3.3758034706115723,3.3805434703826904,3.3793303966522217,3.3875412940979004,3.3713831901550293,3.377936363220215,3.3806140422821045,3.377764940261841,3.3861234188079834
