round_num,accuracy,loss
0,0.09186220668996506,1.9442952996304912
1,0.6674987518721918,1.2881240244811616
2,0.6674987518721918,1.1802167887694825
3,0.6674987518721918,1.1687255191374468
