round_num,accuracy,loss
0,0.0821,2.339937863922119
1,0.7173,0.9083123722076416
2,0.7089,0.6915158513069153
3,0.9004,0.271108248591423
