round_num,node_0,node_1,node_2,node_3,node_4
1,4.630650997161865,4.8217620849609375,4.534512996673584,4.576389312744141,4.441522598266602
2,5.009051322937012,5.122623920440674,4.9225077629089355,4.937524318695068,4.924020767211914
3,5.568539619445801,5.468198776245117,5.369928359985352,5.372004508972168,5.211020469665527
