round_num,accuracy,loss
0,0.1025,2.424690205001831
1,0.6977,0.9014809029579163
2,0.8704,0.33396081874370576
3,0.8364,0.5202351281881332
