round_num,accuracy,loss
0,0.1171,2.3309676860809327
1,0.6512,1.0649232459068299
2,0.7183,0.8097414507865905
3,0.7687,0.6287022852897644
