round_num,accuracy,loss
0,0.1872191712431353,1.8208285623113334
1,0.6674987518721918,1.3075159789917175
2,0.6674987518721918,1.48058475661861
3,0.6674987518721918,1.6826198161154227
