round_num,accuracy,loss
0,0.010484273589615577,2.2377601647103242
1,0.6674987518721918,1.3410406699492463
2,0.6674987518721918,1.1808132292387548
3,0.6674987518721918,1.1871688718564857
