round_num,accuracy,loss
0,0.1292,2.3463722846984862
1,0.6151,1.4618075239181518
2,0.7078,1.0371520149230957
3,0.7381,0.8400304273605347
