round_num,accuracy,loss
0,0.0638,2.3711189697265627
1,0.2442,2.1305792514801025
2,0.5273,1.8484520347595215
3,0.6439,1.5789555627822875
