round_num,accuracy,loss
0,0.01797304043934099,1.9962470067243723
1,0.6674987518721918,1.2270194140304282
2,0.6674987518721918,1.2735554442308095
3,0.6674987518721918,1.3324781577109814
