round_num,accuracy,loss
0,0.4648027958062906,1.7981876957970027
1,0.6674987518721918,1.2480127782269352
2,0.6674987518721918,1.215588040251882
3,0.6674987518721918,1.2266992178191796
