round_num,accuracy,loss
0,0.1388,2.325296365737915
1,0.6807,1.0545288948059082
2,0.7415,0.7197108822345734
3,0.7991,0.5532192742347717
