round_num,accuracy,loss
0,0.0633,2.403738349533081
1,0.3559,1.8172472473144532
2,0.6326,1.1083658440589905
3,0.4637,2.3204323406219483
