round_num,accuracy,loss
0,0.1046,2.3444290462493895
1,0.8233,0.8966820816993714
2,0.8616,0.5351042976856232
3,0.8904,0.3838857046127319
