round_num,accuracy,loss
0,0.0673,2.3583996006011962
1,0.8315,0.919537392616272
2,0.8758,0.5398191329956055
3,0.8962,0.3921823697090149
