round_num,accuracy,loss
0,0.2825761357963055,1.7961218476116925
1,0.6674987518721918,1.3769569150579017
2,0.6674987518721918,1.2058958571610663
3,0.6674987518721918,1.2047090334589934
