round_num,accuracy,loss
0,0.03344982526210684,2.065470176164472
1,0.6674987518721918,1.2296244347030023
2,0.6674987518721918,1.2355851055798504
3,0.6674987518721918,1.2580036271886117
