round_num,accuracy,loss
0,0.1161,2.412390745162964
1,0.6277,1.1264459197998047
2,0.714,0.7967957876682281
3,0.76,0.6294383191108703
