round_num,node_0,node_1,node_2,node_3,node_4
1,3.325026512145996,3.359283208847046,3.313781261444092,3.3210911750793457,3.328922986984253
2,3.346569061279297,3.3304944038391113,3.3513424396514893,3.3426222801208496,3.32295298576355
3,3.3505191802978516,3.3467867374420166,3.3552451133728027,3.354299545288086,3.348268508911133
