round_num,accuracy,loss
0,0.6674987518721918,1.666016489282228
1,0.6674987518721918,1.1828713665232322
2,0.6674987518721918,1.2027189200720785
3,0.6674987518721918,1.2565569937139884
