round_num,accuracy,loss
0,0.03544682975536695,1.9155541927410968
1,0.6674987518721918,1.3377489188404246
2,0.6674987518721918,1.2167109985442026
3,0.6674987518721918,1.214910330858102
