round_num,accuracy,loss
0,0.0734,2.4232264175415037
1,0.1934,2.371637141036987
2,0.2647,1.8163496112823487
3,0.741,0.975946418762207
