round_num,accuracy,loss
0,0.10883674488267599,2.269308582402085
1,0.6674987518721918,1.225634891809491
2,0.6674987518721918,1.3938235244153443
3,0.6674987518721918,1.6240086393599147
