round_num,accuracy,loss
0,0.1302,2.4031445358276367
1,0.8912,0.5673435649871826
2,0.9262,0.30453729405403135
3,0.949,0.20552475357055663
