round_num,node_0,node_1,node_2,node_3,node_4,node_5,node_6,node_7,node_8,node_9
1,3.2176241874694824,3.21567964553833,3.2195546627044678,3.220553398132324,3.215721368789673,3.2197329998016357,3.216392993927002,3.2193479537963867,3.2164106369018555,3.2157142162323
2,3.233116626739502,3.2375776767730713,3.2357985973358154,3.234776020050049,3.2365689277648926,3.2380831241607666,3.2385470867156982,3.2375240325927734,3.234849452972412,3.2380545139312744
3,3.2424018383026123,3.245070695877075,3.246095657348633,3.2490129470825195,3.2477173805236816,3.2497987747192383,3.251455545425415,3.2486822605133057,3.2511277198791504,3.2495827674865723
