round_num,accuracy,loss
0,0.0854,2.345888484954834
1,0.8451,0.5859634314537049
2,0.9446,0.25850767424106597
3,0.9562,0.18582773958444596
