round_num,node_0,node_1,node_2,node_3,node_4,node_5,node_6,node_7,node_8,node_9
1,3.371018171310425,3.3723526000976562,3.3754446506500244,3.370732069015503,3.37362003326416,3.374613046646118,3.3732402324676514,3.369550943374634,3.370105504989624,3.3694756031036377
2,3.3823745250701904,3.385331153869629,3.3860671520233154,3.3878848552703857,3.388223886489868,3.3882956504821777,3.387928009033203,3.387600898742676,3.388620138168335,3.392897129058838
3,3.3943567276000977,3.3951776027679443,3.399420738220215,3.393775224685669,3.3934547901153564,3.3985579013824463,3.399911642074585,3.3929030895233154,3.399919033050537,3.4010069370269775
