round_num,accuracy,loss
0,0.0889,2.353071006011963
1,0.1353,2.388134483718872
2,0.226,2.217142012023926
3,0.1876,2.4578215957641603
