round_num,accuracy,loss
0,0.1133,2.4040437915802
1,0.1012,2.4577556922912596
2,0.0997,2.4796293754577636
3,0.1806,2.32065164642334
