round_num,accuracy,loss
0,0.093,2.3675302936553955
1,0.6739,1.0521657314300537
2,0.7172,0.7789917433738709
3,0.7698,0.6128401601791382
