round_num,node_0,node_1,node_2,node_3,node_4,node_5,node_6,node_7,node_8,node_9,node_10,node_11,node_12,node_13,node_14
1,3.1912124156951904,3.2002995014190674,3.200904607772827,3.2017643451690674,3.201042652130127,3.205364942550659,3.202587366104126,3.206204652786255,3.198190212249756,3.202194929122925,3.1984870433807373,3.196188449859619,3.213411569595337,3.1919915676116943,3.2060675621032715
2,3.2090723514556885,3.2131783962249756,3.207310438156128,3.1940078735351562,3.2043306827545166,3.1973869800567627,3.204948902130127,3.2028160095214844,3.1994895935058594,3.2176530361175537,3.1927387714385986,3.2135581970214844,3.1916348934173584,3.2073540687561035,3.2183446884155273
3,3.2132773399353027,3.1960110664367676,3.2065443992614746,3.2109687328338623,3.204554796218872,3.205676794052124,3.1937448978424072,3.1970348358154297,3.190596103668213,3.219752311706543,3.2059290409088135,3.204982042312622,3.201474189758301,3.2150213718414307,3.1988985538482666
