round_num,accuracy,loss
0,0.1166,2.3924602031707765
1,0.6539,1.474333427810669
2,0.7131,1.0453096004486084
3,0.732,0.8614458681106567
