round_num,accuracy,loss
0,0.10883674488267599,1.9356217859271045
1,0.11582626060908637,1.8522845325146207
2,0.6430354468297553,0.9674256030345523
3,0.6095856215676485,1.0694038395100811
