round_num,accuracy,loss
0,0.1335,2.305703311920166
1,0.2248,2.2025159343719483
2,0.3074,2.1690304355621337
3,0.3276,2.034492716026306
