round_num,accuracy,loss
0,0.03344982526210684,2.2522542271921173
1,0.6674987518721918,1.1959523669017653
2,0.6674987518721918,1.2231108463828229
3,0.6674987518721918,1.3031746934070862
