round_num,accuracy,loss
0,0.1048,2.5775135051727296
1,0.4552,1.9529532127380371
2,0.6743,1.2969314682006836
3,0.7361,1.0809091239929198
