round_num,accuracy,loss
0,0.1136,2.340624133300781
1,0.5185,1.6124193223953247
2,0.7108,1.1479415769577026
3,0.7521,0.9235414344787598
