round_num,accuracy,loss
0,0.1163,2.399777422714233
1,0.5194,1.8248290313720703
2,0.6677,1.3483446826934815
3,0.7095,1.1030588759422302
