round_num,accuracy,loss
0,0.03344982526210684,2.1634978161296186
1,0.6674987518721918,1.6536057401881834
2,0.6674987518721918,1.298326211277985
3,0.6674987518721918,1.2148608119262794
