round_num,node_0,node_1,node_2,node_3,node_4,node_5,node_6,node_7,node_8,node_9
1,3.3037333488464355,3.2996342182159424,3.294617176055908,3.294804573059082,3.3005990982055664,3.3040072917938232,3.2981698513031006,3.289518117904663,3.299622058868408,3.3071110248565674
2,3.306424856185913,3.2959043979644775,3.295086622238159,3.2978343963623047,3.295219898223877,3.2902629375457764,3.2955827713012695,3.3120803833007812,3.3178553581237793,3.292233467102051
3,3.293952226638794,3.2993645668029785,3.2985761165618896,3.3053877353668213,3.2990729808807373,3.29988694190979,3.2970283031463623,3.3084137439727783,3.3029606342315674,3.3033804893493652
