round_num,accuracy,loss
0,0.0748,2.395102088165283
1,0.4509,2.0435195365905763
2,0.603,1.67731456451416
3,0.6911,1.3509611255645753
