round_num,accuracy,loss
0,0.1127,2.3214672332763673
1,0.2329,2.331333913040161
2,0.2505,2.2680523723602293
3,0.2842,2.082231308746338
