round_num,accuracy,loss
0,0.1315,2.340647825241089
1,0.672,1.6318551458358765
2,0.8172,1.1279691202163695
3,0.8363,0.8815638080596924
