round_num,accuracy,loss
0,0.1301,2.3177415351867676
1,0.6787,1.465416009902954
2,0.7272,1.073355809211731
3,0.7474,0.8803314067840576
