round_num,accuracy,loss
0,0.3479780329505741,1.7572328540246842
1,0.6674987518721918,1.2449430330241256
2,0.6674987518721918,1.3444862556171846
3,0.6674987518721918,1.4092982672954641
