round_num,accuracy,loss
0,0.1023,2.3628612186431885
1,0.4151,2.046535903930664
2,0.5399,1.7261159538269042
3,0.6075,1.4862586265563964
