round_num,accuracy,loss
0,0.06240639041437843,2.0248997403095794
1,0.6674987518721918,1.2417660120482215
2,0.6674987518721918,1.3816239110124866
3,0.6674987518721918,1.5861598366329328
