round_num,node_0,node_1,node_2,node_3,node_4
1,3.2384400367736816,3.2406811714172363,3.2398693561553955,3.2396655082702637,3.239516258239746
2,3.239041566848755,3.241591691970825,3.2409255504608154,3.239994764328003,3.24006986618042
3,3.240224838256836,3.2435173988342285,3.2405951023101807,3.240295648574829,3.2411091327667236
