round_num,accuracy,loss
0,0.10484273589615577,2.045151728483896
1,0.6674987518721918,1.2246388271934558
2,0.6674987518721918,1.262409390179562
3,0.6674987518721918,1.3321928285802536
