round_num,accuracy,loss
0,0.0633,2.4375698837280275
1,0.1321,2.325776965332031
2,0.2177,2.212159658622742
3,0.2995,2.104275098800659
