round_num,accuracy,loss
0,0.05991013479780329,2.291995064354038
1,0.06240639041437843,2.257953378955424
2,0.6674987518721918,1.1978731669013165
3,0.6674987518721918,1.197438459008322
