round_num,accuracy,loss
0,0.10883674488267599,2.1957331834527416
1,0.10883674488267599,2.011765388744924
2,0.6674987518721918,1.2061900760135946
3,0.6674987518721918,1.2033625310858784
