round_num,accuracy,loss
0,0.05341987019470794,1.9864360746954062
1,0.6674987518721918,1.200499195547861
2,0.6674987518721918,1.211278825358516
3,0.6674987518721918,1.233450075060025
