round_num,accuracy,loss
0,0.6684972541188218,1.589058046571862
1,0.6674987518721918,1.2613982099089334
2,0.6674987518721918,1.1993224365498147
3,0.6674987518721918,1.2098483620913578
