round_num,accuracy,loss
0,0.1023,2.415959284210205
1,0.4268,1.5187982875823975
2,0.6575,0.9506932297706604
3,0.8803,0.361215149641037
