round_num,node_0,node_1,node_2,node_3,node_4,node_5,node_6,node_7,node_8,node_9
1,3.126131296157837,3.519760847091675,3.126131296157837,3.126131296157837,3.6999261379241943,3.126131296157837,3.126131296157837,3.126131296157837,3.126131296157837,3.126131296157837
2,3.104830265045166,3.104830265045166,3.104830265045166,3.104830265045166,3.104830265045166,3.104830265045166,3.574420928955078,3.104830265045166,3.5747506618499756,3.104830265045166
3,3.1481666564941406,3.4584476947784424,3.1481666564941406,3.1481666564941406,3.1481666564941406,3.1481666564941406,3.1481666564941406,3.1481666564941406,3.1481666564941406,3.5816473960876465
