round_num,accuracy,loss
0,0.0568,2.2829831489562986
1,0.2077,2.1967506774902343
2,0.2376,1.7334727235794067
3,0.5393,1.2474627700805665
