round_num,accuracy,loss
0,0.5881178232651023,1.8359197391847104
1,0.6674987518721918,1.2549623102768028
2,0.6674987518721918,1.3163222351850299
3,0.6674987518721918,1.388994066226024
