round_num,accuracy,loss
0,0.0823,2.376812389373779
1,0.8267,0.7756588001251221
2,0.9006,0.41110895195007324
3,0.9298,0.2819459837436676
