round_num,node_0,node_1,node_2,node_3,node_4,node_5,node_6,node_7,node_8,node_9,node_10,node_11,node_12,node_13,node_14,node_15,node_16,node_17,node_18,node_19
1,3.210955858230591,3.209348678588867,3.2051472663879395,3.210031509399414,3.2081658840179443,3.2097716331481934,3.207961320877075,3.2083756923675537,3.2080698013305664,3.209533452987671,3.203988552093506,3.2042253017425537,3.2054290771484375,3.2050490379333496,3.203747272491455,3.2021241188049316,3.204275608062744,3.2031362056732178,3.20245361328125,3.204989194869995
2,3.219749927520752,3.221116542816162,3.2170095443725586,3.219531536102295,3.217271089553833,3.2192935943603516,3.2178328037261963,3.2190263271331787,3.2197694778442383,3.2184908390045166,3.2186484336853027,3.221090316772461,3.2205145359039307,3.2197885513305664,3.221200942993164,3.216776132583618,3.217024803161621,3.2181596755981445,3.217561721801758,3.2193193435668945
3,3.2252871990203857,3.225332498550415,3.2250537872314453,3.226466655731201,3.22497820854187,3.2246081829071045,3.2247397899627686,3.225280284881592,3.2253448963165283,3.2244627475738525,3.2262909412384033,3.225125789642334,3.224583387374878,3.228825569152832,3.224742889404297,3.225635528564453,3.2271270751953125,3.225693464279175,3.2224597930908203,3.224217414855957
