round_num,accuracy,loss
0,0.0713,2.311027735900879
1,0.7334,0.8278610905647278
2,0.8503,0.4638592851161957
3,0.8194,0.4715770045757294
