round_num,node_0,node_1,node_2,node_3,node_4,node_5,node_6,node_7,node_8,node_9,node_10,node_11,node_12,node_13,node_14,node_15,node_16,node_17,node_18,node_19
1,3.260922908782959,3.263503313064575,3.2586889266967773,3.2645978927612305,3.2595152854919434,3.2587759494781494,3.265378713607788,3.2618374824523926,3.2606024742126465,3.258071184158325,3.2541399002075195,3.254077434539795,3.248699426651001,3.2526371479034424,3.2539305686950684,3.249084711074829,3.251899480819702,3.2546279430389404,3.250274896621704,3.2551801204681396
2,3.267669677734375,3.268070936203003,3.270375967025757,3.2681920528411865,3.270278215408325,3.2668087482452393,3.2702624797821045,3.2669544219970703,3.266692876815796,3.2673494815826416,3.273765802383423,3.274894952774048,3.273907423019409,3.2765791416168213,3.2742884159088135,3.2792060375213623,3.2754573822021484,3.27270245552063,3.273742914199829,3.27827525138855
3,3.284212112426758,3.2850914001464844,3.283503770828247,3.284677743911743,3.2844791412353516,3.2827305793762207,3.2810752391815186,3.2816288471221924,3.2835752964019775,3.2810094356536865,3.2794950008392334,3.2822086811065674,3.280151844024658,3.2820537090301514,3.2792563438415527,3.2820539474487305,3.2794206142425537,3.278374195098877,3.2798619270324707,3.280521869659424
