round_num,accuracy,loss
0,0.014478282576135796,2.629994552253308
1,0.6674987518721918,1.2437685107327794
2,0.6674987518721918,1.3233574827016144
3,0.6674987518721918,1.4277992146168716
