round_num,accuracy,loss
0,0.1014,2.4072875984191895
1,0.2112,2.354428387451172
2,0.1172,2.38017647857666
3,0.1598,2.2526725852966307
