round_num,accuracy,loss
0,0.1053419870194708,1.8203220792966548
1,0.6245631552670994,1.6788533035065016
2,0.6674987518721918,1.2216981803543616
3,0.6674987518721918,1.2390502613303784
