round_num,accuracy,loss
0,0.1782326510234648,1.8736713082565406
1,0.27558662006989515,1.856895366610138
2,0.6525212181727409,1.7428546563661282
3,0.6674987518721918,1.608477502838112
