round_num,accuracy,loss
0,0.10833749375936096,1.8857075597903041
1,0.11133300049925113,1.8231769525225139
2,0.6674987518721918,1.20513185440631
3,0.6674987518721918,1.234359750257274
