round_num,accuracy,loss
0,0.03344982526210684,2.177669615252757
1,0.6674987518721918,1.1954326455853785
2,0.6674987518721918,1.2147536627126228
3,0.6674987518721918,1.2476914047421186
