round_num,accuracy,loss
0,0.0861,2.3885144481658935
1,0.4753,1.877453267288208
2,0.5906,1.4532273065567016
3,0.6509,1.224500950050354
