round_num,node_0,node_1,node_2,node_3,node_4,node_5,node_6,node_7,node_8,node_9
1,3.2268905639648438,3.2268905639648438,3.2268905639648438,3.2377970218658447,3.228760242462158,3.2268905639648438,3.2268905639648438,3.2272112369537354,3.2349743843078613,3.218057155609131
2,3.226926565170288,3.226926565170288,3.2438132762908936,3.226926565170288,3.2346386909484863,3.226926565170288,3.2352657318115234,3.226926565170288,3.212942361831665,3.236616373062134
3,3.238248348236084,3.2285499572753906,3.2285499572753906,3.2285499572753906,3.2285499572753906,3.231832981109619,3.2229669094085693,3.2285499572753906,3.2294845581054688,3.223670721054077
