round_num,accuracy,loss
0,0.1077,2.413141928863525
1,0.4046,1.9171890842437744
2,0.5549,1.5217480394363403
3,0.5183,1.471936964416504
