round_num,accuracy,loss
0,0.0955,2.3826519691467287
1,0.5503,1.6527042263031007
2,0.6724,1.224043398475647
3,0.707,1.0235701328277589
