round_num,node_0,node_1,node_2,node_3,node_4,node_5,node_6,node_7,node_8,node_9,node_10,node_11,node_12,node_13,node_14,node_15,node_16,node_17,node_18,node_19
1,3.1768176555633545,3.1825971603393555,3.169804573059082,3.167846202850342,3.1680030822753906,3.17606520652771,3.1898858547210693,3.1639959812164307,3.1860275268554688,3.1713180541992188,3.1789984703063965,3.1844069957733154,3.16695237159729,3.1626956462860107,3.176304578781128,3.1581389904022217,3.175226926803589,3.177638530731201,3.174705982208252,3.1653740406036377
2,3.179847240447998,3.179542064666748,3.1785876750946045,3.1786699295043945,3.1842968463897705,3.185236692428589,3.1789121627807617,3.1682562828063965,3.1891837120056152,3.174882650375366,3.1861164569854736,3.191246747970581,3.152678966522217,3.1949195861816406,3.16111159324646,3.168133020401001,3.180659770965576,3.168546676635742,3.167283296585083,3.1644535064697266
3,3.187100648880005,3.185758113861084,3.174880027770996,3.1872665882110596,3.1648550033569336,3.181323766708374,3.1869089603424072,3.1975290775299072,3.19041109085083,3.1892144680023193,3.171779155731201,3.1912615299224854,3.181309223175049,3.1881327629089355,3.1910204887390137,3.185328960418701,3.1720168590545654,3.1846296787261963,3.1790883541107178,3.1783342361450195
