round_num,accuracy,loss
0,0.0814,2.3685210426330565
1,0.3993,1.8602039581298828
2,0.6358,1.321149024772644
3,0.7108,1.0635482887268066
