round_num,accuracy,loss
0,0.1003,2.3360654048919676
1,0.6404,1.0848223130226136
2,0.714,0.82307530002594
3,0.7673,0.6092800810813904
