round_num,accuracy,loss
0,0.0233,2.374331074142456
1,0.1991,2.488296573638916
2,0.2589,2.118383772277832
3,0.4058,1.5312360391616822
