round_num,accuracy,loss
0,0.010484273589615577,2.7013380671523537
1,0.6674987518721918,1.5695124385479504
2,0.6674987518721918,1.2486963772321427
3,0.6674987518721918,1.1963135354589118
