round_num,accuracy,loss
0,0.014478282576135796,1.8522739729402784
1,0.6674987518721918,1.2325587341086721
2,0.6674987518721918,1.2348749804841954
3,0.6674987518721918,1.278320612219412
