round_num,node_0,node_1,node_2,node_3,node_4
1,3.266113758087158,3.2701525688171387,3.2986226081848145,3.236381769180298,3.3170318603515625
2,3.296884775161743,3.273454427719116,3.2882611751556396,3.2696590423583984,3.2915852069854736
3,3.284552574157715,3.2667737007141113,3.29988694190979,3.305241584777832,3.2838990688323975
