round_num,accuracy,loss
0,0.0985,2.400047378540039
1,0.7887,0.9849167444229125
2,0.8349,0.63935822057724
3,0.872,0.4694023912906647
