round_num,accuracy,loss
0,0.017473789316025962,1.986000484784603
1,0.6674987518721918,1.527417816284949
2,0.6674987518721918,1.2289637587276387
3,0.6674987518721918,1.2027160924967681
