round_num,node_0,node_1,node_2,node_3,node_4,node_5,node_6,node_7,node_8,node_9
1,3.206352710723877,3.211021661758423,3.209810733795166,3.209293842315674,3.2119808197021484,3.2119174003601074,3.209249258041382,3.2070391178131104,3.207789659500122,3.2046077251434326
2,3.2068235874176025,3.20770525932312,3.2070720195770264,3.206210136413574,3.208582878112793,3.207484483718872,3.20674991607666,3.207156181335449,3.2065625190734863,3.2066872119903564
3,3.2071239948272705,3.2081682682037354,3.2094345092773438,3.207758903503418,3.208448648452759,3.2072391510009766,3.206538677215576,3.206627130508423,3.2063326835632324,3.2062063217163086
