round_num,accuracy,loss
0,0.05341987019470794,1.9989847766716244
1,0.05341987019470794,1.9003614098562698
2,0.12880678981527707,1.7464341208509844
3,0.6674987518721918,1.2744866522085767
