round_num,accuracy,loss
0,0.1056,2.396740383911133
1,0.613,1.709855712890625
2,0.7086,1.2052722480773925
3,0.7708,0.9950629367828369
