round_num,node_0,node_1,node_2,node_3,node_4,node_5,node_6,node_7,node_8,node_9
1,3.3362650871276855,3.3373072147369385,3.3373072147369385,3.3373072147369385,3.3373072147369385,3.3371617794036865,3.3373072147369385,3.3369550704956055,3.3372743129730225,3.3369691371917725
2,3.3371095657348633,3.3371095657348633,3.3371095657348633,3.3376359939575195,3.33713436126709,3.336686372756958,3.3371095657348633,3.337066173553467,3.3371095657348633,3.3370630741119385
3,3.3371171951293945,3.3384485244750977,3.3372912406921387,3.3371171951293945,3.3391051292419434,3.3368916511535645,3.3371171951293945,3.3372581005096436,3.3371171951293945,3.3371171951293945
