round_num,accuracy,loss
0,0.0393,2.4591905979156494
1,0.4006,1.885509581756592
2,0.8818,0.5262395548820495
3,0.95,0.21019542107582093
