round_num,node_0,node_1,node_2,node_3,node_4,node_5,node_6,node_7,node_8,node_9
1,3.329598903656006,3.329598903656006,3.329598903656006,3.329598903656006,3.329598903656006,3.329598903656006,4.047840595245361,3.9382736682891846,3.7951886653900146,3.329598903656006
2,3.7839715480804443,3.3660295009613037,3.3660295009613037,3.3660295009613037,3.941260814666748,4.145142078399658,3.3660295009613037,3.3660295009613037,3.3660295009613037,3.3660295009613037
3,3.832775831222534,3.4365603923797607,4.001767158508301,3.4365603923797607,3.905318021774292,3.4365603923797607,3.4365603923797607,3.4365603923797607,3.4365603923797607,3.4365603923797607
