round_num,accuracy,loss
0,0.10783824263604593,1.8357741245316435
1,0.6674987518721918,1.3242675827195867
2,0.6674987518721918,1.2051735615289871
3,0.6674987518721918,1.190298471936451
