round_num,accuracy,loss
0,0.1785,2.379324307632446
1,0.2804,2.084959236907959
2,0.6848,1.411063606071472
3,0.7383,1.1563738128662109
