round_num,accuracy,loss
0,0.10783824263604593,2.1525244224803544
1,0.6674987518721918,1.168439655915773
2,0.6674987518721918,1.2524733736820954
3,0.6674987518721918,1.3743046467981515
