round_num,accuracy,loss
0,0.03344982526210684,1.935735421125971
1,0.03344982526210684,1.9479411059002012
2,0.03344982526210684,1.9531514838642914
3,0.10883674488267599,2.03767644269908
