round_num,node_0,node_1,node_2,node_3,node_4,node_5,node_6,node_7,node_8,node_9
1,3.250370502471924,3.2556111812591553,3.258223295211792,3.2537403106689453,3.243199586868286,3.258161783218384,3.2513587474823,3.260788679122925,3.2489147186279297,3.2580411434173584
2,3.2602362632751465,3.265796184539795,3.248430013656616,3.25893497467041,3.258729934692383,3.260910749435425,3.2567381858825684,3.2502388954162598,3.250922441482544,3.252284526824951
3,3.2597105503082275,3.2612969875335693,3.2546777725219727,3.2610177993774414,3.2506580352783203,3.2600207328796387,3.2699780464172363,3.2601120471954346,3.256498098373413,3.265460968017578
