round_num,accuracy,loss
0,0.10883674488267599,2.368910621180275
1,0.10883674488267599,2.0919415331220126
2,0.10883674488267599,2.0181998530448344
3,0.6674987518721918,1.2151833467345445
