round_num,accuracy,loss
0,0.40489266100848725,1.8333874555807737
1,0.6674987518721918,1.2357177993266868
2,0.6674987518721918,1.221688597248723
3,0.6674987518721918,1.2416692624018304
