round_num,accuracy,loss
0,0.3290064902646031,1.8253940596797142
1,0.6674987518721918,1.1763381270307691
2,0.6674987518721918,1.23104872086973
3,0.6674987518721918,1.3136467005214987
