round_num,accuracy,loss
0,0.098,2.414065706253052
1,0.8262,0.5202900237083435
2,0.9685,0.09384678075984121
3,0.9785,0.06255374482795596
