round_num,accuracy,loss
0,0.10883674488267599,1.9288159608840942
1,0.10883674488267599,1.921716079316732
2,0.10883674488267599,1.9288460478685048
3,0.10883674488267599,1.9325559290420753
