round_num,accuracy,loss
0,0.0658,2.4721562145233156
1,0.1365,2.5337195808410646
2,0.1598,2.4842644916534424
3,0.0985,2.543742501831055
