round_num,accuracy,loss
0,0.1202,2.4064599739074706
1,0.2065,2.3591570644378663
2,0.6814,1.1662931743621827
3,0.8319,0.5675145274162292
