round_num,accuracy,loss
0,0.017473789316025962,1.9509375449483894
1,0.017473789316025962,1.9468009292752042
2,0.017473789316025962,1.9581605932204293
3,0.06889665501747379,1.9609709045497763
