round_num,accuracy,loss
0,0.0944,2.4522566799163816
1,0.1817,2.6532396533966063
2,0.3513,1.992935185623169
3,0.5466,1.4421716760635377
