round_num,accuracy,loss
0,0.010484273589615577,2.046216695950261
1,0.6674987518721918,1.1857532195549754
2,0.6674987518721918,1.19755467140133
3,0.6674987518721918,1.2401804253272992
