round_num,accuracy,loss
0,0.0842,2.395520852279663
1,0.1163,2.6174203117370607
2,0.1028,2.7908379505157472
3,0.1028,2.591369798660278
