round_num,accuracy,loss
0,0.0855,2.393957632446289
1,0.5585,1.852345287322998
2,0.6618,1.3522098737716675
3,0.7139,1.149503734779358
