round_num,accuracy,loss
0,0.6669995007488767,1.6857787906320107
1,0.6674987518721918,1.284008926590621
2,0.6674987518721918,1.1934741149827117
3,0.6674987518721918,1.2104768244790483
