round_num,accuracy,loss
0,0.0973,2.39445389213562
1,0.5445,1.8753234216690065
2,0.6565,1.336275181388855
3,0.722,1.1191132274627686
