round_num,accuracy,loss
0,0.0885,2.3833652828216554
1,0.4157,2.515974712753296
2,0.4405,1.8256498147964477
3,0.5275,1.342778092956543
