round_num,accuracy,loss
0,0.044433349975037444,2.1891945712993697
1,0.6674987518721918,1.1766713275292844
2,0.6674987518721918,1.160626770494226
3,0.6674987518721918,1.1667603379300517
