round_num,accuracy,loss
0,0.10883674488267599,2.083083048023942
1,0.6674987518721918,1.2123765626432177
2,0.6674987518721918,1.2408797742126587
3,0.6674987518721918,1.285882160238665
