round_num,accuracy,loss
0,0.0978,2.377849116516113
1,0.8478,0.8524559615135193
2,0.8723,0.5342471440315246
3,0.8986,0.3796294005870819
