round_num,accuracy,loss
0,0.1511,2.347286015319824
1,0.8356,0.8404280094146729
2,0.8747,0.514850302362442
3,0.9059,0.3542244241952896
