round_num,node_0,node_1,node_2,node_3,node_4
1,3.3091251850128174,3.3155393600463867,3.2877728939056396,3.322303533554077,3.301478624343872
2,3.3114733695983887,3.3032889366149902,3.3089728355407715,3.2924134731292725,3.3084075450897217
3,3.3016998767852783,3.3063111305236816,3.3056066036224365,3.3110532760620117,3.3151955604553223
