round_num,node_0,node_1,node_2,node_3,node_4,node_5,node_6,node_7,node_8,node_9
1,3.1816582679748535,3.192814588546753,3.1814522743225098,3.177482843399048,3.177851438522339,3.1736109256744385,3.179539442062378,3.176002264022827,3.183002471923828,3.1755921840667725
2,3.177769899368286,3.208596706390381,3.1796934604644775,3.19109845161438,3.18505597114563,3.1865923404693604,3.1777188777923584,3.188354730606079,3.1625146865844727,3.1836605072021484
3,3.199848175048828,3.1914467811584473,3.1747066974639893,3.1990432739257812,3.201665163040161,3.1789348125457764,3.1846468448638916,3.1907496452331543,3.1843185424804688,3.177851915359497
