round_num,accuracy,loss
0,0.0509236145781328,2.1899169479318696
1,0.6674987518721918,1.172739776800825
2,0.6674987518721918,1.1727038873652489
3,0.6674987518721918,1.1767703198339126
