round_num,accuracy,loss
0,0.146,2.385552611541748
1,0.3369,1.9495199996948243
2,0.4868,1.6586456716537477
3,0.5745,1.3141817539215088
