round_num,accuracy,loss
0,0.1562,2.3145279472351072
1,0.5975,1.5471080436706544
2,0.6692,1.1675931913375854
3,0.6933,0.973556285572052
