round_num,accuracy,loss
0,0.0924,2.4142585815429687
1,0.4848,1.9424488666534423
2,0.6824,1.3836084079742432
3,0.7448,1.1516455913543702
