round_num,node_0,node_1,node_2,node_3,node_4,node_5,node_6,node_7,node_8,node_9
1,3.1718101501464844,3.164060592651367,3.170212507247925,3.1580398082733154,3.1613993644714355,3.1633965969085693,3.1752521991729736,3.159478187561035,3.165278434753418,3.1527938842773438
2,3.172175168991089,3.153829336166382,3.156703233718872,3.1682522296905518,3.1661903858184814,3.1655664443969727,3.1684653759002686,3.167955160140991,3.160109519958496,3.162235975265503
3,3.1679599285125732,3.1668665409088135,3.1585235595703125,3.1695919036865234,3.1638872623443604,3.157334804534912,3.1557044982910156,3.1618499755859375,3.163289785385132,3.169292449951172
