round_num,accuracy,loss
0,0.0955,2.38806791305542
1,0.7375,1.294863328933716
2,0.8112,0.8907862772941589
3,0.8444,0.6881354622840882
