round_num,accuracy,loss
0,0.21417873190214679,1.844737816083092
1,0.6674987518721918,1.1836088594054794
2,0.6674987518721918,1.222168997205381
3,0.6674987518721918,1.2617922621968385
