round_num,accuracy,loss
0,0.3854218671992012,1.7190093169852727
1,0.6195706440339491,1.674900576286297
2,0.6674987518721918,1.5401296506092301
3,0.6674987518721918,1.4056356146046358
