round_num,accuracy,loss
0,0.081,2.3938974899291994
1,0.7579,1.322212445640564
2,0.8498,0.8481364513397217
3,0.8714,0.6304843472480774
