round_num,accuracy,loss
0,0.1138,2.340492088317871
1,0.271,2.1866358837127686
2,0.3965,2.0283721462249757
3,0.4178,1.9006690330505371
