round_num,accuracy,loss
0,0.5871193210184723,1.7286066217417724
1,0.6635047428856715,1.6699288298473083
2,0.6674987518721918,1.5896579482468498
3,0.6674987518721918,1.207807956608426
