round_num,accuracy,loss
0,0.2201697453819271,1.71007365824518
1,0.6674987518721918,1.2776271560105217
2,0.6674987518721918,1.4369604450669577
3,0.6674987518721918,1.6082532424303038
