round_num,accuracy,loss
0,0.0995,2.3643468845367432
1,0.5125,1.7947457576751709
2,0.7875,1.1908058469772338
3,0.8303,0.9350179542541504
