round_num,accuracy,loss
0,0.010983524712930605,2.6603006607166124
1,0.6674987518721918,1.3476899922995107
2,0.6674987518721918,1.205765732425008
3,0.6674987518721918,1.174976523197477
