round_num,accuracy,loss
0,0.0579,2.3586219329833984
1,0.3631,2.7441419994354246
2,0.412,3.0264253074645997
3,0.4451,1.952013370513916
