round_num,accuracy,loss
0,0.017473789316025962,1.9486460201870008
1,0.10883674488267599,2.123583033152717
2,0.10883674488267599,2.0741312681170503
3,0.10883674488267599,2.045961798278915
