round_num,accuracy,loss
0,0.1019,2.423651615524292
1,0.1009,2.6923832653045654
2,0.1971,2.191052164077759
3,0.2883,1.7206421077728271
