round_num,accuracy,loss
0,0.1053,2.4100262088775635
1,0.8051,0.9459901125907898
2,0.8636,0.5693694974422455
3,0.892,0.4044243622303009
