round_num,accuracy,loss
0,0.381427858212681,1.6757429786997322
1,0.6674987518721918,1.2773196563325522
2,0.6674987518721918,1.3641204589376197
3,0.6674987518721918,1.4651452051182716
