round_num,accuracy,loss
0,0.0813,2.35192993850708
1,0.3406,2.0749696533203124
2,0.6259,1.729161457824707
3,0.6927,1.41781296749115
