round_num,accuracy,loss
0,0.03344982526210684,2.373733296134861
1,0.6674987518721918,1.2560821133021765
2,0.6674987518721918,1.3534362141751552
3,0.6674987518721918,1.484073918519232
