round_num,accuracy,loss
0,0.05292061907139291,2.1683003214437604
1,0.6674987518721918,1.2518242007782623
2,0.6674987518721918,1.3414900607605666
3,0.6674987518721918,1.4401041995985058
