round_num,accuracy,loss
0,0.0771,2.3952761280059813
1,0.1085,2.500072523498535
2,0.1205,2.453771975708008
3,0.1123,2.441605117034912
