round_num,accuracy,loss
0,0.1488,2.3451492393493654
1,0.673,1.0327752459526063
2,0.7262,0.7730232744216919
3,0.7715,0.6036636321544647
