round_num,accuracy,loss
0,0.017473789316025962,1.9315771156707169
1,0.017473789316025962,1.923042124411611
2,0.11382925611582626,2.0436076025217695
3,0.12680978532201698,2.1175181465748842
