round_num,accuracy,loss
0,0.25961058412381427,1.7929207985245224
1,0.6674987518721918,1.2384202535665458
2,0.6674987518721918,1.3946875607556721
3,0.6674987518721918,1.5695696371647934
