round_num,accuracy,loss
0,0.1123,2.3300822608947755
1,0.8332,0.8215651774406433
2,0.8707,0.5013264966487885
3,0.9044,0.3477463435411453
