round_num,accuracy,loss
0,0.1124,2.3348043563842773
1,0.3502,2.0710902519226075
2,0.5135,1.7767555437088012
3,0.6711,1.4602441061019897
