round_num,accuracy,loss
0,0.1282,2.3935859634399415
1,0.6558,1.2901779287338258
2,0.7458,0.9002967950820923
3,0.7707,0.7227960468292236
