round_num,accuracy,loss
0,0.1139,2.3302004871368407
1,0.6941,1.304860610771179
2,0.7358,0.9148050565719604
3,0.7632,0.72587547082901
