round_num,node_0,node_1,node_2,node_3,node_4,node_5,node_6,node_7,node_8,node_9
1,3.335235357284546,3.3353447914123535,3.3321280479431152,3.336792230606079,3.3368146419525146,3.3387696743011475,3.333596706390381,3.337902784347534,3.3298614025115967,3.329332113265991
2,3.3391482830047607,3.330820083618164,3.3376526832580566,3.348759889602661,3.336733818054199,3.3238401412963867,3.3345534801483154,3.338073968887329,3.3378074169158936,3.33522891998291
3,3.347761392593384,3.347184181213379,3.3409740924835205,3.3537673950195312,3.3356332778930664,3.330740451812744,3.337825059890747,3.338850736618042,3.340074062347412,3.335031509399414
