round_num,accuracy,loss
0,0.017473789316025962,2.2887976729030677
1,0.6674987518721918,1.226531353820519
2,0.6674987518721918,1.1998034742434383
3,0.6674987518721918,1.2206689381801779
