round_num,accuracy,loss
0,0.1531,2.340381254196167
1,0.252,2.21029271736145
2,0.3254,2.0389466758728028
3,0.4376,1.8465370780944825
