round_num,accuracy,loss
0,0.05292061907139291,2.1085907434500637
1,0.6674987518721918,1.219661437983044
2,0.6674987518721918,1.2102211448947489
3,0.6674987518721918,1.2388224011353117
