round_num,accuracy,loss
0,0.03594608087868198,2.1906213683005995
1,0.6674987518721918,1.2535895762060263
2,0.6674987518721918,1.2288548980601954
3,0.6674987518721918,1.2400613515542498
