round_num,accuracy,loss
0,0.101,2.386614133834839
1,0.6765,1.1331881311416625
2,0.7394,0.7753427609443665
3,0.7689,0.6351516891479492
