round_num,accuracy,loss
0,0.10883674488267599,1.943782063763676
1,0.12281577633549676,1.9302121540694253
2,0.6035946080878682,1.0583440249286409
3,0.6819770344483275,0.9203991809310285
