round_num,accuracy,loss
0,0.05891163255117324,2.0012244254544087
1,0.6674987518721918,1.2722437449591908
2,0.6674987518721918,1.3315375896911887
3,0.6674987518721918,1.3744724043535699
