round_num,accuracy,loss
0,0.017473789316025962,2.2036287600078763
1,0.6674987518721918,1.2163372171323894
2,0.6674987518721918,1.2220388214348914
3,0.6674987518721918,1.2386630383123474
