round_num,accuracy,loss
0,0.03344982526210684,2.1478421891622403
1,0.6674987518721918,1.310859783732528
2,0.6674987518721918,1.1737274798047108
3,0.6674987518721918,1.210127028267918
