round_num,accuracy,loss
0,0.1039,2.3555752948760986
1,0.4625,1.9090898593902588
2,0.6188,1.4520877307891846
3,0.6752,1.2017604219436646
