round_num,accuracy,loss
0,0.010484273589615577,2.0573473951546357
1,0.6674987518721918,1.176388048256747
2,0.6674987518721918,1.1764344921483436
3,0.6674987518721918,1.185902169687535
