round_num,node_0,node_1,node_2,node_3,node_4,node_5,node_6,node_7,node_8,node_9
1,3.9665119647979736,4.0250067710876465,3.978639841079712,3.8248322010040283,4.162657737731934,4.267824649810791,4.165441513061523,4.175506591796875,3.828498601913452,3.8940417766571045
2,4.094082832336426,4.206118583679199,4.160284042358398,4.064206600189209,4.222695827484131,4.174466609954834,4.016096115112305,4.040666103363037,4.092530250549316,4.106412410736084
3,4.374304294586182,4.4833502769470215,4.316339015960693,4.299675941467285,4.32124662399292,4.431296348571777,4.3297438621521,4.469017505645752,4.371067047119141,4.425825119018555
