round_num,accuracy,loss
0,0.083,2.370250803756714
1,0.5104,1.4430106420516968
2,0.9151,0.2935308410525322
3,0.9603,0.13081512080430985
