round_num,accuracy,loss
0,0.6645032451323015,1.725962801927099
1,0.6674987518721918,1.4375227020790264
2,0.6674987518721918,1.3008399994683992
3,0.6674987518721918,1.2376135013368923
