round_num,accuracy,loss
0,0.03344982526210684,2.3310035071370607
1,0.6674987518721918,1.2230156257756044
2,0.6674987518721918,1.2826759000748202
3,0.6674987518721918,1.3579194710603428
