round_num,accuracy,loss
0,0.0899,2.3874116390228273
1,0.6195,1.6735763177871703
2,0.7356,1.1397347120285035
3,0.8117,0.9117560232162476
