round_num,accuracy,loss
0,0.1022,2.409836500930786
1,0.4567,2.1121353199005126
2,0.6475,1.4587853055953979
3,0.7426,1.1937821334838867
