round_num,accuracy,loss
0,0.0843,2.3570258563995363
1,0.6994,1.2734017684936523
2,0.7536,0.8600915057182312
3,0.784,0.661542495584488
