round_num,accuracy,loss
0,0.1098,2.4423709564208984
1,0.7483,1.3039459079742433
2,0.8396,0.8591319843292237
3,0.8729,0.6356643507003784
