round_num,node_0,node_1,node_2,node_3,node_4,node_5,node_6,node_7,node_8,node_9
1,3.2403740882873535,3.2403740882873535,3.2403740882873535,3.232572555541992,3.2403740882873535,3.2403740882873535,3.2403740882873535,3.2403740882873535,3.2403740882873535,3.240736246109009
2,3.247871160507202,3.2393290996551514,3.2393290996551514,3.2393290996551514,3.2393290996551514,3.242593765258789,3.2393290996551514,3.2393290996551514,3.2393290996551514,3.2393290996551514
3,3.2402522563934326,3.240231513977051,3.240231513977051,3.240231513977051,3.235384464263916,3.240231513977051,3.240231513977051,3.240231513977051,3.240231513977051,3.240231513977051
