round_num,accuracy,loss
0,0.1004,2.414902653503418
1,0.1227,2.2796786029815674
2,0.2163,2.1277708366394044
3,0.4379,1.941037586402893
