round_num,accuracy,loss
0,0.1007,2.4323381626129152
1,0.0855,2.5271330028533936
2,0.1011,2.623705972290039
3,0.1895,2.456890464782715
