round_num,node_0,node_1,node_2,node_3,node_4,node_5,node_6,node_7,node_8,node_9
1,3.3113296031951904,3.3117496967315674,3.307223081588745,3.3145344257354736,3.3089263439178467,3.31134295463562,3.3114993572235107,3.3036773204803467,3.3148672580718994,3.3101649284362793
2,3.320309638977051,3.311657190322876,3.3134102821350098,3.3107693195343018,3.3176934719085693,3.3066864013671875,3.3140578269958496,3.314777135848999,3.3072166442871094,3.312316417694092
3,3.3187766075134277,3.3138937950134277,3.319199800491333,3.3189892768859863,3.3141462802886963,3.320312261581421,3.3164315223693848,3.3136351108551025,3.315695285797119,3.3148343563079834
