round_num,accuracy,loss
0,0.1021,2.3765921737670896
1,0.381,1.9981683067321778
2,0.6283,1.589107681465149
3,0.673,1.2806964014053346
