round_num,node_0,node_1,node_2,node_3,node_4,node_5,node_6,node_7,node_8,node_9
1,3.299839496612549,3.296786308288574,3.296785593032837,3.301285982131958,3.2942733764648438,3.298830509185791,3.314890146255493,3.30104398727417,3.299008846282959,3.295778751373291
2,3.29508376121521,3.304196357727051,3.3059940338134766,3.305893898010254,3.3039028644561768,3.301884651184082,3.3041534423828125,3.3019638061523438,3.2960045337677,3.3047382831573486
3,3.302130937576294,3.301135778427124,3.301898717880249,3.2903246879577637,3.3050906658172607,3.3018441200256348,3.298820972442627,3.3028807640075684,3.3050992488861084,3.3031814098358154
