round_num,accuracy,loss
0,0.034448327508736894,2.054294845787692
1,0.6674987518721918,1.3513282851106336
2,0.6674987518721918,1.225001012511213
3,0.6674987518721918,1.2090956720184578
