round_num,node_0,node_1,node_2,node_3,node_4
1,3.423555374145508,3.42503023147583,3.4282000064849854,3.4287796020507812,3.4468374252319336
2,3.4235079288482666,3.4261415004730225,3.447528123855591,3.4142205715179443,3.4300649166107178
3,3.4276771545410156,3.426637649536133,3.4231584072113037,3.4176125526428223,3.4292407035827637
