round_num,accuracy,loss
0,0.0942,2.4238490634918213
1,0.8163,0.87939683303833
2,0.8724,0.5186853724956513
3,0.9013,0.35730632514953614
