round_num,accuracy,loss
0,0.1031,2.3674728775024416
1,0.9485,0.24333490724563597
2,0.9709,0.10188775146007538
3,0.9775,0.07334111150503159
