round_num,accuracy,loss
0,0.1177,2.3593374813079833
1,0.9457,0.244303932762146
2,0.9705,0.10879604896903038
3,0.9764,0.07913975674062967
