round_num,node_0,node_1,node_2,node_3,node_4,node_5,node_6,node_7,node_8,node_9
1,3.228712797164917,3.226083993911743,3.228414297103882,3.2322514057159424,3.2347304821014404,3.2356719970703125,3.2327077388763428,3.234321355819702,3.232499122619629,3.2383041381835938
2,3.25559401512146,3.250171422958374,3.26002836227417,3.2595818042755127,3.2593839168548584,3.2614822387695312,3.2554404735565186,3.2505226135253906,3.2604939937591553,3.253157377243042
3,3.2766339778900146,3.2755653858184814,3.278838634490967,3.2781989574432373,3.27642560005188,3.276726007461548,3.277951955795288,3.28232741355896,3.2833096981048584,3.281141996383667
