round_num,accuracy,loss
0,0.05991013479780329,2.229994408202302
1,0.6674987518721918,1.3296502118579638
2,0.6674987518721918,1.1933295942816922
3,0.6674987518721918,1.2199532296499251
