round_num,accuracy,loss
0,0.0783824263604593,2.0704363437515463
1,0.09036445332001997,1.9068916731337815
2,0.09685471792311533,1.8747272466458622
3,0.10434348477284074,1.8298303410224896
