round_num,node_0,node_1,node_2,node_3,node_4,node_5,node_6,node_7,node_8,node_9
1,3.2781994342803955,3.2776806354522705,3.2776806354522705,3.2776806354522705,3.2776806354522705,3.2776806354522705,3.2776806354522705,3.2779197692871094,3.2776806354522705,3.2776806354522705
2,3.277744770050049,3.277744770050049,3.277744770050049,3.277744770050049,3.277744770050049,3.2775208950042725,3.277744770050049,3.277744770050049,3.2781548500061035,3.277744770050049
3,3.277752161026001,3.277752161026001,3.277752161026001,3.277752161026001,3.277752161026001,3.277752161026001,3.2780306339263916,3.277752161026001,3.278134822845459,3.277752161026001
