round_num,node_0,node_1,node_2,node_3,node_4,node_5,node_6,node_7,node_8,node_9,node_10,node_11,node_12,node_13,node_14,node_15,node_16,node_17,node_18,node_19
1,3.3655543327331543,3.3546669483184814,3.3542394638061523,3.3585829734802246,3.349207639694214,3.3617148399353027,3.3664379119873047,3.3600285053253174,3.3474819660186768,3.3468143939971924,3.351456880569458,3.3509933948516846,3.3528153896331787,3.348792791366577,3.3560245037078857,3.348289728164673,3.3447558879852295,3.3422579765319824,3.3653616905212402,3.3402068614959717
2,3.3740293979644775,3.338357925415039,3.3513050079345703,3.3581719398498535,3.347729444503784,3.3424549102783203,3.3611576557159424,3.3658998012542725,3.342827796936035,3.341639995574951,3.3520286083221436,3.3588523864746094,3.352293014526367,3.356628894805908,3.347076654434204,3.3602702617645264,3.369386911392212,3.372941732406616,3.35579252243042,3.350395441055298
3,3.3573927879333496,3.354336738586426,3.3416693210601807,3.369843006134033,3.3363423347473145,3.3540525436401367,3.3642873764038086,3.3674559593200684,3.3505587577819824,3.354936122894287,3.336660861968994,3.34550142288208,3.345665454864502,3.370351552963257,3.357573986053467,3.3726518154144287,3.3684377670288086,3.3667125701904297,3.327484607696533,3.3461408615112305
