round_num,accuracy,loss
0,0.0945,2.41995103263855
1,0.4893,1.864399394607544
2,0.7534,1.266230743598938
3,0.8022,1.023901455116272
