round_num,accuracy,loss
0,0.6674987518721918,1.9177128010491282
1,0.11233150274588118,2.000118404998817
2,0.6505242136794808,0.9678169635017098
3,0.655516724912631,1.0279509037123045
