round_num,accuracy,loss
0,0.1045,2.399771243286133
1,0.1401,2.440902991104126
2,0.1491,2.5132565799713134
3,0.1804,2.3505080039978026
