round_num,accuracy,loss
0,0.010484273589615577,1.9795943154017448
1,0.10883674488267599,1.9909295669151912
2,0.10883674488267599,2.0604913518003865
3,0.10883674488267599,2.1078234959172417
