round_num,accuracy,loss
0,0.0916,2.349074681854248
1,0.2448,2.1921018383026123
2,0.4408,1.9605121910095216
3,0.525,1.7634631168365478
