round_num,accuracy,loss
0,0.017473789316025962,1.9805339826563866
1,0.10883674488267599,2.0302670473345388
2,0.10883674488267599,1.9514688899739647
3,0.127309036445332,1.9158914201686934
