round_num,accuracy,loss
0,0.024463305042436344,1.941743045524544
1,0.6674987518721918,1.234090160978358
2,0.6674987518721918,1.1828531331558914
3,0.6674987518721918,1.197979409874408
