round_num,accuracy,loss
0,0.010484273589615577,1.9153286828675748
1,0.11782326510234647,1.8898111092586012
2,0.6889665501747378,0.912694134893146
3,0.6505242136794808,0.9542366527523092
