round_num,accuracy,loss
0,0.05341987019470794,1.9679716724309098
1,0.1163255117324014,1.9583917936562183
2,0.6035946080878682,1.0775994623356084
3,0.6330504243634548,0.9986977298082379
