round_num,accuracy,loss
0,0.026460309535696454,1.859710592659366
1,0.6674987518721918,1.2343450755520695
2,0.6674987518721918,1.3554061585762949
3,0.6674987518721918,1.4915940823462148
