round_num,accuracy,loss
0,0.1082,2.3523307720184325
1,0.6701,1.592877487373352
2,0.781,1.0925229469299316
3,0.8343,0.8468654941558837
