round_num,accuracy,loss
0,0.1185,2.3772137031555176
1,0.1067,2.3623328269958495
2,0.2277,2.2375910583496093
3,0.1435,2.2380213172912597
