round_num,accuracy,loss
0,0.0595,2.3670935382843017
1,0.6147,1.2833070362091064
2,0.4547,1.7721647266387939
3,0.8135,0.6054481116294861
