round_num,accuracy,loss
0,0.1212,2.3250551502227785
1,0.8315,0.7270839716911316
2,0.8154,0.45934361386299133
3,0.7973,0.4961095628261566
