round_num,accuracy,loss
0,0.08986520219670495,1.827907828765694
1,0.6669995007488767,1.524999965564406
2,0.6679980029955067,1.313800163764211
3,0.6674987518721918,1.2976306142416587
