round_num,accuracy,loss
0,0.0659,2.3980296977996827
1,0.0983,2.4447915145874024
2,0.104,2.4237772632598875
3,0.2537,2.1835764141082765
