{
  "summary_stats": {
    "total_experiments": 3,
    "total_defenses": 12,
    "successful_evaluations": 33,
    "failed_evaluations": 3,
    "defense_effectiveness": {
      "structural_noise_weak": {
        "mean": 0.06664087585194803,
        "std": 0.055307207572293814,
        "min": 0.009887386834628442,
        "max": 0.1416289057691645,
        "count": 3
      },
      "structural_noise_medium": {
        "mean": 0.12467429341166765,
        "std": 0.08340542461885432,
        "min": 0.020326244449738805,
        "max": 0.22447510439094898,
        "count": 3
      },
      "structural_noise_strong": {
        "mean": 0.1235121784957743,
        "std": 0.09276649593444793,
        "min": 0.0,
        "max": 0.223569579396853,
        "count": 3
      },
      "topology_reconfig_weak": {
        "mean": 0.0,
        "std": 0.0,
        "min": 0.0,
        "max": 0.0,
        "count": 3
      },
      "topology_reconfig_medium": {
        "mean": 0.0,
        "std": 0.0,
        "min": 0.0,
        "max": 0.0,
        "count": 3
      },
      "topology_aware_dp_weak": {
        "mean": 0.015432694063876172,
        "std": 0.01630659670821176,
        "min": 0.0,
        "max": 0.037989243579422585,
        "count": 3
      },
      "topology_aware_dp_medium": {
        "mean": 0.08675159449925178,
        "std": 0.1123940850786731,
        "min": 0.0,
        "max": 0.24547151244814022,
        "count": 3
      },
      "topology_aware_dp_strong": {
        "mean": 0.07999116507754878,
        "std": 0.0986214243775974,
        "min": 0.0,
        "max": 0.21893288524458787,
        "count": 3
      },
      "balanced_weak": {
        "mean": 0.035149763171071775,
        "std": 0.033247540251117064,
        "min": 0.0,
        "max": 0.07977032853216875,
        "count": 3
      },
      "balanced_medium": {
        "mean": 0.0006973237594735827,
        "std": 0.0005928555771109475,
        "min": 0.0,
        "max": 0.001449124925093744,
        "count": 3
      },
      "balanced_strong": {
        "mean": 0.01577715632880235,
        "std": 0.01736184354244252,
        "min": 0.0,
        "max": 0.039958721340948126,
        "count": 3
      }
    },
    "attack_degradation_by_defense": {
      "structural_noise_weak": {
        "Communication Pattern Attack": {
          "mean": 0.0,
          "std": 0.0,
          "min": 0.0,
          "max": 0.0,
          "count": 3
        },
        "Parameter Magnitude Attack": {
          "mean": 2.923666712286213,
          "std": 2.3699841641192254,
          "min": 0.0,
          "max": 5.804784086470106,
          "count": 3
        },
        "Topology Structure Attack": {
          "mean": 17.068596043298196,
          "std": 18.323613463613388,
          "min": 0.0,
          "max": 42.48867173074935,
          "count": 3
        }
      },
      "structural_noise_medium": {
        "Communication Pattern Attack": {
          "mean": 0.0,
          "std": 0.0,
          "min": 0.0,
          "max": 0.0,
          "count": 3
        },
        "Parameter Magnitude Attack": {
          "mean": 4.27861751508096,
          "std": 3.03670432796241,
          "min": 0.0,
          "max": 6.737979210321239,
          "count": 3
        },
        "Topology Structure Attack": {
          "mean": 33.12367050841934,
          "std": 27.503378124641472,
          "min": 0.0,
          "max": 67.3425313172847,
          "count": 3
        }
      },
      "structural_noise_strong": {
        "Communication Pattern Attack": {
          "mean": 0.0,
          "std": 0.0,
          "min": 0.0,
          "max": 0.0,
          "count": 3
        },
        "Parameter Magnitude Attack": {
          "mean": 0.0,
          "std": 0.0,
          "min": 0.0,
          "max": 0.0,
          "count": 3
        },
        "Topology Structure Attack": {
          "mean": 37.05365354873229,
          "std": 27.829948780334377,
          "min": 0.0,
          "max": 67.0708738190559,
          "count": 3
        }
      },
      "topology_reconfig_weak": {
        "Communication Pattern Attack": {
          "mean": 0.0,
          "std": 0.0,
          "min": 0.0,
          "max": 0.0,
          "count": 3
        },
        "Parameter Magnitude Attack": {
          "mean": 0.0,
          "std": 0.0,
          "min": 0.0,
          "max": 0.0,
          "count": 3
        },
        "Topology Structure Attack": {
          "mean": 0.0,
          "std": 0.0,
          "min": 0.0,
          "max": 0.0,
          "count": 3
        }
      },
      "topology_reconfig_medium": {
        "Communication Pattern Attack": {
          "mean": 0.0,
          "std": 0.0,
          "min": 0.0,
          "max": 0.0,
          "count": 3
        },
        "Parameter Magnitude Attack": {
          "mean": 0.0,
          "std": 0.0,
          "min": 0.0,
          "max": 0.0,
          "count": 3
        },
        "Topology Structure Attack": {
          "mean": 0.0,
          "std": 0.0,
          "min": 0.0,
          "max": 0.0,
          "count": 3
        }
      },
      "topology_aware_dp_weak": {
        "Communication Pattern Attack": {
          "mean": 0.0,
          "std": 0.0,
          "min": 0.0,
          "max": 0.0,
          "count": 3
        },
        "Parameter Magnitude Attack": {
          "mean": 4.137259212125769,
          "std": 4.213139455015813,
          "min": 0.0,
          "max": 9.919126052715525,
          "count": 3
        },
        "Topology Structure Attack": {
          "mean": 0.49254900703708376,
          "std": 0.6965694858852449,
          "min": 0.0,
          "max": 1.4776470211112513,
          "count": 3
        }
      },
      "topology_aware_dp_medium": {
        "Communication Pattern Attack": {
          "mean": 0.0,
          "std": 0.0,
          "min": 0.0,
          "max": 0.0,
          "count": 3
        },
        "Parameter Magnitude Attack": {
          "mean": 1.4783271049615097,
          "std": 2.090670241460321,
          "min": 0.0,
          "max": 4.434981314884529,
          "count": 3
        },
        "Topology Structure Attack": {
          "mean": 24.54715124481402,
          "std": 34.714914208039595,
          "min": 0.0,
          "max": 73.64145373444207,
          "count": 3
        }
      },
      "topology_aware_dp_strong": {
        "Communication Pattern Attack": {
          "mean": 0.0,
          "std": 0.0,
          "min": 0.0,
          "max": 0.0,
          "count": 3
        },
        "Parameter Magnitude Attack": {
          "mean": 5.361178004873249,
          "std": 4.0454198834968045,
          "min": 0.0,
          "max": 9.771351018202209,
          "count": 3
        },
        "Topology Structure Attack": {
          "mean": 18.636171518391382,
          "std": 26.355526512020294,
          "min": 0.0,
          "max": 55.90851455517415,
          "count": 3
        }
      },
      "balanced_weak": {
        "Communication Pattern Attack": {
          "mean": 0.0,
          "std": 0.0,
          "min": 0.0,
          "max": 0.0,
          "count": 3
        },
        "Parameter Magnitude Attack": {
          "mean": 3.807763379917184,
          "std": 3.1456353545941362,
          "min": 0.0,
          "max": 7.703688294313969,
          "count": 3
        },
        "Topology Structure Attack": {
          "mean": 6.737165571404347,
          "std": 9.52779092303311,
          "min": 0.0,
          "max": 20.21149671421304,
          "count": 3
        }
      },
      "balanced_medium": {
        "Communication Pattern Attack": {
          "mean": 0.0,
          "std": 0.0,
          "min": 0.0,
          "max": 0.0,
          "count": 3
        },
        "Parameter Magnitude Attack": {
          "mean": 0.20919712784207478,
          "std": 0.1778566731332842,
          "min": 0.0,
          "max": 0.4347374775281232,
          "count": 3
        },
        "Topology Structure Attack": {
          "mean": 0.0,