round_num,node_0,node_1,node_2,node_3,node_4,node_5,node_6,node_7,node_8,node_9
1,3.29541015625,3.2937495708465576,3.2983429431915283,3.2979958057403564,3.2976632118225098,3.294987916946411,3.2971575260162354,3.2958481311798096,3.298847198486328,3.298640012741089
2,3.2946763038635254,3.2943878173828125,3.298272132873535,3.295687437057495,3.2956387996673584,3.2962114810943604,3.2962050437927246,3.294875383377075,3.297924757003784,3.295423746109009
3,3.2966396808624268,3.295996904373169,3.2982871532440186,3.297757625579834,3.2973227500915527,3.295397996902466,3.2990005016326904,3.2979822158813477,3.298247814178467,3.2995522022247314
