round_num,accuracy,loss
0,0.01797304043934099,2.219387658643413
1,0.6674987518721918,1.2300222678834418
2,0.6674987518721918,1.2437216678501306
3,0.6674987518721918,1.2817009696351012
