round_num,accuracy,loss
0,0.05341987019470794,2.5174267857418737
1,0.056415376934598103,2.155809853592338
2,0.06240639041437843,2.0607374321503813
3,0.06889665501747379,1.8274674872666434
