round_num,accuracy,loss
0,0.1135,2.372923948669434
1,0.6125,1.565137864303589
2,0.6949,1.1225920909881593
3,0.723,0.9160379024505615
