round_num,node_0,node_1,node_2,node_3,node_4,node_5,node_6,node_7,node_8,node_9,node_10,node_11,node_12,node_13,node_14
1,3.258103132247925,3.255192518234253,3.26069974899292,3.2504966259002686,3.2563412189483643,3.2628557682037354,3.2540488243103027,3.257795810699463,3.2480363845825195,3.257675886154175,3.257525682449341,3.25715708732605,3.252434015274048,3.250502586364746,3.2642171382904053
2,3.2533085346221924,3.2629103660583496,3.247833013534546,3.250962734222412,3.257275104522705,3.2613863945007324,3.2489426136016846,3.2579712867736816,3.2520675659179688,3.263054132461548,3.2596802711486816,3.251412868499756,3.248990058898926,3.257066011428833,3.261996030807495
3,3.2552549839019775,3.259953260421753,3.251537561416626,3.250727415084839,3.25001859664917,3.259766101837158,3.2546281814575195,3.2566637992858887,3.2583413124084473,3.259272575378418,3.2605385780334473,3.2595207691192627,3.252246379852295,3.266822099685669,3.256030797958374
