round_num,accuracy,loss
0,0.1753,2.3506614467620848
1,0.6178,1.42140560798645
2,0.7095,1.0357727718353271
3,0.7272,0.8567946434020997
