round_num,accuracy,loss
0,0.05341987019470794,1.9924124394186842
1,0.05341987019470794,1.8743461311547922
2,0.10883674488267599,1.8769458881093453
3,0.10883674488267599,1.8564332035619857
