round_num,accuracy,loss
0,0.03344982526210684,1.9754364106634885
1,0.10883674488267599,1.8959789061272554
2,0.5921118322516226,1.0017144830597084
3,0.6010983524712931,1.0141244747611324
