round_num,accuracy,loss
0,0.147,2.301244563674927
1,0.2647,2.217226756668091
2,0.5033,1.44305979347229
3,0.7221,0.8169522679328919
