round_num,accuracy,loss
0,0.103,2.325855891418457
1,0.8791,0.6585960501670838
2,0.941,0.2432223956823349
3,0.9609,0.14093246939778328
