round_num,accuracy,loss
0,0.01797304043934099,1.9889375815317742
1,0.10883674488267599,2.0410750490751375
2,0.5227159261108337,1.243683007497878
3,0.635047428856715,0.9484590622584819
