round_num,accuracy,loss
0,0.011482775836245632,2.399950581077808
1,0.6674987518721918,1.3392085001222265
2,0.6674987518721918,1.2174412663198386
3,0.6674987518721918,1.2226695787948307
