round_num,accuracy,loss
0,0.49425861208187716,1.7009311757918542
1,0.6674987518721918,1.205670767228007
2,0.6674987518721918,1.2185587154825033
3,0.6674987518721918,1.2442373807467166
