round_num,accuracy,loss
0,0.1379,2.3175076656341553
1,0.6177,1.5030749341964722
2,0.7054,1.111436506843567
3,0.7346,0.9236110425949097
