round_num,accuracy,loss
0,0.0908,2.3833044589996337
1,0.2323,2.2947216819763185
2,0.6049,1.1651877370834351
3,0.8569,0.5265085329532623
