round_num,accuracy,loss
0,0.103,2.3585671031951905
1,0.3181,2.0164890853881836
2,0.685,1.4356006923675537
3,0.7027,1.1701593858718873
