round_num,accuracy,loss
0,0.0932,2.3270819370269775
1,0.3974,2.1708281787872314
2,0.6425,1.6890368007659913
3,0.7588,1.3340041625976562
