round_num,accuracy,loss
0,0.0961,2.442330514907837
1,0.1039,2.4182890949249267
2,0.15,2.349792934036255
3,0.1982,2.323462370300293
