round_num,node_0,node_1,node_2,node_3,node_4,node_5,node_6,node_7,node_8,node_9,node_10,node_11,node_12,node_13,node_14
1,3.1598997116088867,3.129101037979126,3.138223886489868,3.140634059906006,3.1334612369537354,3.1459646224975586,3.1475510597229004,3.149909496307373,3.1356608867645264,3.1545724868774414,3.1455907821655273,3.1485941410064697,3.1527106761932373,3.1485908031463623,3.160994529724121
2,3.146374225616455,3.1409595012664795,3.1585445404052734,3.150383949279785,3.1603622436523438,3.1278693675994873,3.1441595554351807,3.158626079559326,3.1350090503692627,3.1497626304626465,3.1477322578430176,3.1538689136505127,3.160560131072998,3.145965337753296,3.152630567550659
3,3.1424031257629395,3.1468541622161865,3.1652791500091553,3.1525967121124268,3.1459076404571533,3.167781114578247,3.1364099979400635,3.127167224884033,3.1533713340759277,3.1392300128936768,3.155738115310669,3.125129222869873,3.151005983352661,3.142341136932373,3.13732647895813
