round_num,accuracy,loss
0,0.1061,2.345330418395996
1,0.6635,1.5965097839355469
2,0.7446,1.1220176500320436
3,0.7931,0.907247081565857
