round_num,accuracy,loss
0,0.1199,2.3741740756988525
1,0.7095,1.5447707426071167
2,0.7767,1.0410994554519652
3,0.8329,0.8230909984588624
