round_num,accuracy,loss
0,0.11333000499251124,1.9136925312619297
1,0.6674987518721918,1.21535079043565
2,0.6674987518721918,1.245274177742671
3,0.6674987518721918,1.323720527897462
