round_num,accuracy,loss
0,0.02695956065901148,1.8745901515587413
1,0.6674987518721918,1.172688648870928
2,0.6674987518721918,1.1960365572275666
3,0.6674987518721918,1.2386633328539218
