round_num,accuracy,loss
0,0.10883674488267599,1.9853602208557928
1,0.10883674488267599,1.9030182678819714
2,0.35846230654018973,1.497973577594138
3,0.6305541687468796,0.9813769206784096
