round_num,accuracy,loss
0,0.0928,2.328254526901245
1,0.6848,1.2447919664382934
2,0.7458,0.913483314704895
3,0.7621,0.7418454827308655
