round_num,node_0,node_1,node_2,node_3,node_4,node_5,node_6,node_7,node_8,node_9,node_10,node_11,node_12,node_13,node_14
1,3.247067928314209,3.2435719966888428,3.2396624088287354,3.23935866355896,3.239208936691284,3.2364614009857178,3.2454347610473633,3.2418112754821777,3.2440056800842285,3.245037317276001,3.238820791244507,3.243335008621216,3.250452995300293,3.237581491470337,3.2403886318206787
2,3.2458839416503906,3.2417633533477783,3.2401347160339355,3.2344655990600586,3.2403368949890137,3.241518020629883,3.2416627407073975,3.2393126487731934,3.2404918670654297,3.2466342449188232,3.2430577278137207,3.238917112350464,3.244715929031372,3.238814353942871,3.2469465732574463
3,3.249281167984009,3.245049238204956,3.2442238330841064,3.2416629791259766,3.2372958660125732,3.2376632690429688,3.2415006160736084,3.2389862537384033,3.233003616333008,3.239896535873413,3.239786148071289,3.243831157684326,3.235548257827759,3.2440035343170166,3.240971803665161
