round_num,accuracy,loss
0,0.0699,2.343947416305542
1,0.714,1.4069307777404785
2,0.7974,0.9838202879905701
3,0.836,0.7731735880851746
