round_num,accuracy,loss
0,0.1121,2.3192330780029295
1,0.7357,1.4136335563659668
2,0.8067,0.9936932230949402
3,0.8419,0.7709531686782837
