round_num,accuracy,loss
0,0.032451323015476784,2.3883191508408848
1,0.6669995007488767,1.6055263893876859
2,0.6674987518721918,1.2847169898357382
3,0.6674987518721918,1.2085410164882109
