round_num,accuracy,loss
0,0.09136295556665003,2.0202945668996124
1,0.6674987518721918,1.200949058494625
2,0.6674987518721918,1.2121286586232025
3,0.6674987518721918,1.2463207481149072
