round_num,accuracy,loss
0,0.0787,2.402716218948364
1,0.5353,1.8485902303695678
2,0.452,2.3321272968292237
3,0.6425,1.0409796390533448
