round_num,accuracy,loss
0,0.1257,2.3127337032318116
1,0.6218,1.6435833677291871
2,0.6877,1.2086272985458375
3,0.7342,0.9801876005172729
