round_num,accuracy,loss
0,0.0639,2.336699236679077
1,0.5727,1.6411861589431762
2,0.6733,1.2374847549438477
3,0.7299,1.004835143661499
