round_num,node_0,node_1,node_2,node_3,node_4,node_5,node_6,node_7,node_8,node_9,node_10,node_11,node_12,node_13,node_14,node_15,node_16,node_17,node_18,node_19
1,3.350539445877075,3.3466553688049316,3.3482275009155273,3.3523471355438232,3.3521194458007812,3.3510873317718506,3.3425657749176025,3.346604585647583,3.3537092208862305,3.343623638153076,3.3482067584991455,3.3535165786743164,3.3481626510620117,3.3486297130584717,3.3454411029815674,3.346101999282837,3.3505492210388184,3.346599817276001,3.3466153144836426,3.3485567569732666
2,3.3491830825805664,3.3466556072235107,3.3481037616729736,3.3489222526550293,3.349177837371826,3.347977876663208,3.3472189903259277,3.348456621170044,3.352318525314331,3.3530664443969727,3.3546152114868164,3.347754716873169,3.3484444618225098,3.353327989578247,3.345947027206421,3.351492404937744,3.352725028991699,3.3550467491149902,3.3483026027679443,3.346869707107544
3,3.356212854385376,3.3520359992980957,3.3514316082000732,3.3472602367401123,3.3451812267303467,3.3430140018463135,3.3536603450775146,3.3514301776885986,3.3514585494995117,3.348106861114502,3.355501174926758,3.3507463932037354,3.3505120277404785,3.3517072200775146,3.3460912704467773,3.3497304916381836,3.3561906814575195,3.3513357639312744,3.3460533618927,3.3537912368774414
