round_num,accuracy,loss
0,0.1044,2.3868728633880614
1,0.6412,1.505730165863037
2,0.6991,1.0998945203781127
3,0.7308,0.8939697292327881
