round_num,accuracy,loss
0,0.0865,2.407247146606445
1,0.2092,2.552555302810669
2,0.1875,2.3416649158477782
3,0.1883,2.339805593109131
