round_num,accuracy,loss
0,0.1229,2.273774249649048
1,0.6866,0.9863566415786743
2,0.7418,0.7228951376914978
3,0.7887,0.5611243107795715
