round_num,accuracy,loss
0,0.047,2.40042674407959
1,0.4874,1.7486189289093017
2,0.684,0.9962151016235351
3,0.5148,1.2456426805496217
