round_num,accuracy,loss
0,0.10883674488267599,1.9237726718499788
1,0.1907139291063405,1.6569427696395622
2,0.6674987518721918,1.2643115722829559
3,0.6674987518721918,1.2672279164961322
