round_num,accuracy,loss
0,0.1293,2.3435132190704344
1,0.7184,1.3638201019287108
2,0.8108,0.9683908576011657
3,0.8363,0.7728321249961853
