round_num,node_0,node_1,node_2,node_3,node_4,node_5,node_6,node_7,node_8,node_9,node_10,node_11,node_12,node_13,node_14
1,3.279606342315674,3.2774298191070557,3.2812306880950928,3.2814042568206787,3.285590410232544,3.278183937072754,3.2729740142822266,3.276927947998047,3.2735812664031982,3.284604549407959,3.2710883617401123,3.2728044986724854,3.269726037979126,3.2711915969848633,3.2778260707855225
2,3.274210214614868,3.2889177799224854,3.2846734523773193,3.2791221141815186,3.2789247035980225,3.271458625793457,3.2772135734558105,3.276672601699829,3.2813796997070312,3.2818868160247803,3.2736294269561768,3.2811355590820312,3.2801907062530518,3.277872323989868,3.2833166122436523
3,3.296604633331299,3.2792580127716064,3.2782347202301025,3.267416477203369,3.285060167312622,3.2817776203155518,3.279991626739502,3.2784202098846436,3.2804484367370605,3.2800118923187256,3.2782890796661377,3.2738614082336426,3.2834362983703613,3.2754361629486084,3.2786502838134766
