round_num,node_0,node_1,node_2,node_3,node_4,node_5,node_6,node_7,node_8,node_9
1,3.31937313079834,3.318404197692871,3.311023712158203,3.295766592025757,3.309307098388672,3.307441473007202,3.3104615211486816,3.295220375061035,3.3140180110931396,3.315394401550293
2,3.313642740249634,3.331580400466919,3.31270694732666,3.2963719367980957,3.315506935119629,3.314882278442383,3.3255937099456787,3.3160560131073,3.3194632530212402,3.3185226917266846
3,3.3181777000427246,3.3216683864593506,3.334521532058716,3.3118340969085693,3.3064208030700684,3.3114311695098877,3.3345346450805664,3.3119490146636963,3.3086297512054443,3.3349692821502686
