round_num,accuracy,loss
0,0.0915,2.3793206184387206
1,0.6392,1.3251284172058106
2,0.7201,0.9590382766723633
3,0.7464,0.7854052013397217
