round_num,accuracy,loss
0,0.0957,2.402195723724365
1,0.5551,1.4363404071807861
2,0.6772,1.0226723285675048
3,0.7231,0.8518291123390198
