round_num,accuracy,loss
0,0.1003,2.3899445281982423
1,0.6276,1.2399179313659667
2,0.9364,0.22097050424814224
3,0.9605,0.12604554662257433
