round_num,accuracy,loss
0,0.010484273589615577,1.9998806748935358
1,0.6674987518721918,1.3806299912709328
2,0.6674987518721918,1.2587532771568088
3,0.6674987518721918,1.2588935231960123
