round_num,node_0,node_1,node_2,node_3,node_4,node_5,node_6,node_7,node_8,node_9
1,3.233576536178589,3.2350926399230957,3.2369532585144043,3.2336175441741943,3.2375881671905518,3.2345995903015137,3.2354726791381836,3.234862804412842,3.232412099838257,3.235093593597412
2,3.2346856594085693,3.2324211597442627,3.2323520183563232,3.232950210571289,3.232652187347412,3.232391595840454,3.2333061695098877,3.2339022159576416,3.2339863777160645,3.2321391105651855
3,3.233025550842285,3.233262538909912,3.233875036239624,3.234657049179077,3.2333767414093018,3.2336299419403076,3.2349541187286377,3.2327401638031006,3.235255241394043,3.2330124378204346
