round_num,accuracy,loss
0,0.0951,2.3706072425842284
1,0.6996,1.6112135807037353
2,0.7677,1.1219600778579712
3,0.8072,0.9050544343948365
