round_num,accuracy,loss
0,0.03344982526210684,2.4310848229656323
1,0.6674987518721918,1.2147318927038329
2,0.6674987518721918,1.2507654512993884
3,0.6674987518721918,1.272233872965938
