round_num,accuracy,loss
0,0.6674987518721918,1.5906042776522016
1,0.6674987518721918,1.392293040179873
2,0.6674987518721918,1.2800623110634533
3,0.6674987518721918,1.1802611035879291
