round_num,accuracy,loss
0,0.0601,2.3594609375
1,0.2023,2.2184890880584716
2,0.3774,2.0688765306472776
3,0.4556,1.9355408321380616
