round_num,accuracy,loss
0,0.1187,2.3279861724853514
1,0.499,1.9118089086532593
2,0.8337,0.7442367252349853
3,0.7955,0.5861666523456573
