round_num,accuracy,loss
0,0.1377,2.4187154903411865
1,0.627,1.3537513917922974
2,0.7181,0.9537206018447876
3,0.7422,0.7711862174987792
