round_num,node_0,node_1,node_2,node_3,node_4,node_5,node_6,node_7,node_8,node_9
1,3.184311866760254,3.166247844696045,3.1960396766662598,3.1828572750091553,3.1851155757904053,3.1894044876098633,3.173994779586792,3.164128541946411,3.1591827869415283,3.17842435836792
2,3.1695711612701416,3.18475079536438,3.1929266452789307,3.174140214920044,3.1585819721221924,3.1564316749572754,3.1800501346588135,3.163327217102051,3.190312623977661,3.2145233154296875
3,3.1707065105438232,3.196566581726074,3.1803152561187744,3.1727521419525146,3.1826467514038086,3.162224054336548,3.1684985160827637,3.16599178314209,3.1620259284973145,3.1882593631744385
