round_num,node_0,node_1,node_2,node_3,node_4,node_5,node_6,node_7,node_8,node_9
1,3.2502453327178955,3.250398874282837,3.2506871223449707,3.250427722930908,3.250398874282837,3.250398874282837,3.250398874282837,3.2504467964172363,3.250398874282837,3.2504212856292725
2,3.250415563583374,3.249451160430908,3.2502782344818115,3.250128746032715,3.2505130767822266,3.250415563583374,3.250415563583374,3.24965500831604,3.250415563583374,3.250415563583374
3,3.2503066062927246,3.2503066062927246,3.2503066062927246,3.2499446868896484,3.2506184577941895,3.2503066062927246,3.2499797344207764,3.2501108646392822,3.2503066062927246,3.250119209289551
