round_num,accuracy,loss
0,0.10883674488267599,2.1248767453316026
1,0.10883674488267599,1.879865736885185
2,0.6674987518721918,1.4962420950992905
3,0.6674987518721918,1.3745603063257705
