round_num,accuracy,loss
0,0.08736894658012981,2.0499477137700355
1,0.6674987518721918,1.3627986467545234
2,0.6674987518721918,1.1971462573995604
3,0.6674987518721918,1.2211397497640868
