round_num,accuracy,loss
0,0.1179,2.397075322341919
1,0.4015,1.9615455625534057
2,0.6667,1.4078324077606201
3,0.7197,1.1811875720977782
