round_num,accuracy,loss
0,0.10084872690963555,2.2780767515547207
1,0.6674987518721918,1.2295215489920295
2,0.6674987518721918,1.176474589261185
3,0.6674987518721918,1.1864364702464698
