round_num,node_0,node_1,node_2,node_3,node_4,node_5,node_6,node_7,node_8,node_9
1,3.1736888885498047,3.1775972843170166,3.184267044067383,3.1835525035858154,3.1708931922912598,3.173428535461426,3.1788578033447266,3.166095495223999,3.187309980392456,3.191136598587036
2,3.1861557960510254,3.191192626953125,3.169494152069092,3.1812891960144043,3.173996925354004,3.1872122287750244,3.172940492630005,3.1679089069366455,3.1913490295410156,3.165861129760742
3,3.1671345233917236,3.169046640396118,3.1723480224609375,3.197556734085083,3.185361862182617,3.1704273223876953,3.1627326011657715,3.1951305866241455,3.1793792247772217,3.159716844558716
