round_num,accuracy,loss
0,0.1141,2.449179439163208
1,0.7462,1.2885068687438965
2,0.8296,0.8711925489425659
3,0.8525,0.6627082140922547
