round_num,accuracy,loss
0,0.0981,2.37695217628479
1,0.7122,1.5817654819488525
2,0.7835,1.0901994094848633
3,0.8239,0.8549352230072021
