round_num,accuracy,loss
0,0.0778,2.3858342082977293
1,0.5982,1.647657506752014
2,0.8063,1.0986401081085204
3,0.8356,0.8547907060623169
