round_num,node_0,node_1,node_2,node_3,node_4,node_5,node_6,node_7,node_8,node_9,node_10,node_11,node_12,node_13,node_14
1,3.2314562797546387,3.232996940612793,3.2514092922210693,3.238438129425049,3.2419509887695312,3.2443459033966064,3.2397520542144775,3.25382399559021,3.2354423999786377,3.2490320205688477,3.240013599395752,3.2498199939727783,3.2531721591949463,3.2529356479644775,3.2411482334136963
2,3.240523099899292,3.2440571784973145,3.2523958683013916,3.247769832611084,3.2448947429656982,3.245603561401367,3.237020492553711,3.2453603744506836,3.2452526092529297,3.2475321292877197,3.247936248779297,3.2459657192230225,3.2508952617645264,3.2443528175354004,3.2405483722686768
3,3.249086618423462,3.2360033988952637,3.2435476779937744,3.2529869079589844,3.2469377517700195,3.2428505420684814,3.249484062194824,3.246591567993164,3.2567713260650635,3.2425923347473145,3.2473340034484863,3.248792886734009,3.2600035667419434,3.243258476257324,3.234799385070801
