round_num,accuracy,loss
0,0.1606,2.3284793384552
1,0.5755,1.4962214305877686
2,0.7026,1.1198055345535278
3,0.7409,0.9076249757766723
