round_num,accuracy,loss
0,0.10733899151273091,1.9432681312099196
1,0.05341987019470794,1.9189746629816855
2,0.10883674488267599,1.9078609873161754
3,0.10883674488267599,1.9143954342862575
