round_num,node_0,node_1,node_2,node_3,node_4,node_5,node_6,node_7,node_8,node_9
1,3.2705984115600586,3.2714898586273193,3.275679349899292,3.2277259826660156,3.254729986190796,3.2554330825805664,3.243985414505005,3.2501158714294434,3.223463535308838,3.2648844718933105
2,3.258650779724121,3.256103754043579,3.256687879562378,3.243239402770996,3.2639780044555664,3.23732328414917,3.2518460750579834,3.235212564468384,3.2608559131622314,3.2499582767486572
3,3.2538962364196777,3.265854597091675,3.2659637928009033,3.247211217880249,3.276878595352173,3.2411036491394043,3.2701070308685303,3.2358317375183105,3.2498250007629395,3.2580912113189697
