round_num,accuracy,loss
0,0.0978,2.394030059051514
1,0.1348,2.511159712982178
2,0.1292,2.479106253051758
3,0.1599,2.5396737567901613
