round_num,accuracy,loss
0,0.0619071392910634,1.9394427093338265
1,0.27558662006989515,1.6253639545907275
2,0.5836245631552671,1.0004019427466142
3,0.654018971542686,0.9185588890709879
