round_num,accuracy,loss
0,0.1043,2.2795212955474855
1,0.5727,1.7739365592956542
2,0.7807,1.2528616512298585
3,0.8109,1.0054204603195191
