round_num,node_0,node_1,node_2,node_3,node_4,node_5,node_6,node_7,node_8,node_9,node_10,node_11,node_12,node_13,node_14,node_15,node_16,node_17,node_18,node_19
1,3.342076301574707,3.3489718437194824,3.3494622707366943,3.3443996906280518,3.3572940826416016,3.354832410812378,3.344943046569824,3.3505024909973145,3.3472774028778076,3.35426664352417,3.349257230758667,3.349647283554077,3.351266384124756,3.34980845451355,3.349414825439453,3.347055196762085,3.3413450717926025,3.3484890460968018,3.3451502323150635,3.3521108627319336
2,3.3457863330841064,3.3500678539276123,3.3510026931762695,3.3489296436309814,3.3446738719940186,3.3551690578460693,3.349730968475342,3.348325729370117,3.3411340713500977,3.350327730178833,3.3523008823394775,3.347111463546753,3.349205493927002,3.348801851272583,3.342027425765991,3.3482723236083984,3.3526206016540527,3.348971366882324,3.357057809829712,3.3534390926361084
3,3.351440906524658,3.353288412094116,3.351696014404297,3.3464596271514893,3.355064630508423,3.354572296142578,3.3487627506256104,3.3422422409057617,3.3405725955963135,3.3493943214416504,3.342560291290283,3.3397810459136963,3.3458948135375977,3.3536951541900635,3.3463566303253174,3.3504891395568848,3.3482751846313477,3.350599527359009,3.352343797683716,3.3452072143554688
