round_num,accuracy,loss
0,0.1117,2.3693352027893066
1,0.6631,1.104267455482483
2,0.927,0.2522773781180382
3,0.9639,0.11761037981957197
