round_num,accuracy,loss
0,0.0858,2.3651342819213865
1,0.8111,0.7745860887527466
2,0.839,0.46362598528862
3,0.9152,0.2960381541252136
