round_num,accuracy,loss
0,0.1306,2.3790841739654542
1,0.756,1.237545711326599
2,0.8349,0.8040992445945739
3,0.8672,0.6059845890998841
