round_num,node_0,node_1,node_2,node_3,node_4,node_5,node_6,node_7,node_8,node_9
1,3.03713321685791,3.0434682369232178,3.0467610359191895,3.035055637359619,3.040081024169922,3.0399789810180664,3.0376126766204834,3.0296685695648193,3.03556489944458,3.0374796390533447
2,3.056830883026123,3.0395922660827637,3.052664279937744,3.0329463481903076,3.0399887561798096,3.041825771331787,3.038742780685425,3.0412540435791016,3.0393788814544678,3.034377336502075
3,3.0450077056884766,3.0346782207489014,3.0386199951171875,3.0479800701141357,3.0319316387176514,3.0417866706848145,3.0333290100097656,3.0451252460479736,3.0422961711883545,3.0414671897888184
