round_num,accuracy,loss
0,0.03394907638542187,1.839431688479644
1,0.6674987518721918,1.2130981903937954
2,0.6674987518721918,1.2618929408100088
3,0.6674987518721918,1.2984725646358457
