round_num,accuracy,loss
0,0.1134,2.4206660072326662
1,0.1042,2.5389436416625975
2,0.0989,2.4733244632720948
3,0.1653,2.351538324356079
