round_num,accuracy,loss
0,0.10084872690963555,1.9243448823913598
1,0.6674987518721918,1.3325838063040556
2,0.6674987518721918,1.4463790961640273
3,0.6674987518721918,1.5619854737804106
