round_num,accuracy,loss
0,0.1001,2.3371537567138674
1,0.7612,1.2677501670837403
2,0.8325,0.833478563117981
3,0.8624,0.620434717464447
