round_num,node_0,node_1,node_2,node_3,node_4
1,3.350740671157837,3.3514726161956787,3.382646322250366,3.38277268409729,3.3805766105651855
2,3.3788259029388428,3.3861703872680664,3.403998613357544,3.400390386581421,3.401569366455078
3,3.4067575931549072,3.4095537662506104,3.4313414096832275,3.4199185371398926,3.4295990467071533
