round_num,accuracy,loss
0,0.1028,2.3997211139678956
1,0.9675,0.14397584217786788
2,0.982,0.06065931917876005
3,0.9845,0.04926771824061871
