round_num,accuracy,loss
0,0.0635,2.4614243656158448
1,0.9661,0.14150318977236748
2,0.9782,0.07104713137596845
3,0.9811,0.05456184631660581
