round_num,accuracy,loss
0,0.1416,2.35027974319458
1,0.5819,1.8278700111389161
2,0.6783,1.3338224578857423
3,0.7292,1.136299136352539
