round_num,accuracy,loss
0,0.1492760858711932,1.737659644556831
1,0.6674987518721918,1.3667763989387127
2,0.6674987518721918,1.2003206337801646
3,0.6674987518721918,1.1813710958316097
