round_num,node_0,node_1,node_2,node_3,node_4,node_5,node_6,node_7,node_8,node_9,node_10,node_11,node_12,node_13,node_14,node_15,node_16,node_17,node_18,node_19
1,3.231060028076172,3.2327396869659424,3.2305116653442383,3.2321934700012207,3.233078956604004,3.231581449508667,3.231781005859375,3.2324745655059814,3.2319114208221436,3.232055902481079,3.2320597171783447,3.231391429901123,3.231856346130371,3.2321414947509766,3.2315995693206787,3.231870651245117,3.2322885990142822,3.2320663928985596,3.231978416442871,3.2316133975982666
2,3.2320549488067627,3.2327721118927,3.232107162475586,3.2315890789031982,3.233264923095703,3.231562376022339,3.2317235469818115,3.2323660850524902,3.232778549194336,3.232625961303711,3.232266426086426,3.2311205863952637,3.23152756690979,3.232067584991455,3.231691837310791,3.2323806285858154,3.232410192489624,3.2317404747009277,3.232163667678833,3.2322182655334473
3,3.232182741165161,3.2331929206848145,3.2321531772613525,3.2321937084198,3.2319493293762207,3.2325663566589355,3.2322750091552734,3.234079599380493,3.233058452606201,3.2326247692108154,3.232435941696167,3.2314767837524414,3.2319655418395996,3.2325425148010254,3.2322752475738525,3.232806921005249,3.232170581817627,3.2318167686462402,3.2318308353424072,3.2325682640075684
