round_num,accuracy,loss
0,0.04892661008487269,2.1922377236652424
1,0.6674987518721918,1.3102914990631271
2,0.6674987518721918,1.1887967472842973
3,0.6674987518721918,1.178608590046049
