round_num,accuracy,loss
0,0.010484273589615577,1.9759209923784673
1,0.10883674488267599,2.140206877017581
2,0.6275586620069895,0.9920434291756755
3,0.6764852720918622,0.9271725361429329
