round_num,accuracy,loss
0,0.0979,2.447895328140259
1,0.4043,2.000990118408203
2,0.5885,1.561999986076355
3,0.678,1.3086242692947387
