round_num,accuracy,loss
0,0.0819,2.352922483062744
1,0.6951,1.22009432888031
2,0.7476,0.8497692995071411
3,0.7797,0.6720349784851074
