round_num,accuracy,loss
0,0.1015,2.319636948776245
1,0.7109,1.2236321268081665
2,0.7673,0.8317530051231384
3,0.8028,0.6434908677577973
