round_num,node_0,node_1,node_2,node_3,node_4,node_5,node_6,node_7,node_8,node_9
1,3.1218576431274414,3.1126339435577393,3.1148271560668945,3.1246635913848877,3.122649669647217,3.125856876373291,3.1191632747650146,3.11344838142395,3.1230037212371826,3.1117115020751953
2,3.1146597862243652,3.1329731941223145,3.1145148277282715,3.1245758533477783,3.1271235942840576,3.128746509552002,3.1213035583496094,3.113132953643799,3.11580228805542,3.1282761096954346
3,3.120877742767334,3.125016689300537,3.1295390129089355,3.128688097000122,3.12742280960083,3.1204376220703125,3.111767292022705,3.122340440750122,3.120436191558838,3.124891757965088
