round_num,node_0,node_1,node_2,node_3,node_4
1,3.4180023670196533,3.3993587493896484,3.4239251613616943,3.4203550815582275,3.4149110317230225
2,3.413649797439575,3.4065778255462646,3.4169633388519287,3.4216463565826416,3.418614387512207
3,3.439161777496338,3.4142017364501953,3.408008575439453,3.414719820022583,3.4285988807678223
