round_num,accuracy,loss
0,0.1043,2.4480337299346924
1,0.7947,0.9338441719055176
2,0.8598,0.5667418668746949
3,0.8919,0.40114074430465696
