round_num,accuracy,loss
0,0.0625,2.404577445602417
1,0.8107,0.9595316588401794
2,0.8509,0.5897048669815064
3,0.8876,0.41645997757911685
