round_num,accuracy,loss
0,0.03344982526210684,2.198707360478562
1,0.6674987518721918,1.44360141020921
2,0.6674987518721918,1.4029272757228826
3,0.6674987518721918,1.3155599004080816
