round_num,accuracy,loss
0,0.0953,2.3525647174835207
1,0.5187,1.7691336580276489
2,0.6372,1.2830931205749512
3,0.7054,1.0316614778518676
