round_num,accuracy,loss
0,0.0968,2.424907028579712
1,0.5176,1.7355574743270874
2,0.6568,1.264165027999878
3,0.7224,1.0124026144981384
