round_num,node_0,node_1,node_2,node_3,node_4,node_5,node_6,node_7,node_8,node_9,node_10,node_11,node_12,node_13,node_14,node_15,node_16,node_17,node_18,node_19
1,3.2867143154144287,3.2911040782928467,3.283050298690796,3.2892348766326904,3.2919790744781494,3.2833991050720215,3.290881395339966,3.288396120071411,3.289560079574585,3.2846949100494385,3.292163133621216,3.289646625518799,3.292527914047241,3.290212869644165,3.290647029876709,3.293076992034912,3.2948555946350098,3.2896647453308105,3.2963669300079346,3.295219898223877
2,3.2930009365081787,3.2868247032165527,3.2955784797668457,3.288783550262451,3.29707670211792,3.29246187210083,3.2948601245880127,3.2910268306732178,3.2879178524017334,3.291743278503418,3.283482789993286,3.292597532272339,3.299795627593994,3.2921152114868164,3.300717353820801,3.2879395484924316,3.29243803024292,3.291243553161621,3.2936437129974365,3.294107675552368
3,3.292447566986084,3.2941198348999023,3.2848103046417236,3.3003785610198975,3.2921042442321777,3.2935073375701904,3.291527271270752,3.2889232635498047,3.292863368988037,3.289165496826172,3.2929470539093018,3.297849178314209,3.292698383331299,3.308091640472412,3.29463529586792,3.2863290309906006,3.292424440383911,3.293095350265503,3.2903294563293457,3.2981138229370117
