round_num,accuracy,loss
0,0.029,2.3416277084350585
1,0.6667,1.12164842338562
2,0.9155,0.26310179681777957
3,0.9621,0.12256625066399575
