round_num,accuracy,loss
0,0.0932,2.3735075607299803
1,0.6796,1.3276287031173706
2,0.7296,0.9266900706291199
3,0.7615,0.7370016073226928
