round_num,node_0,node_1,node_2,node_3,node_4,node_5,node_6,node_7,node_8,node_9
1,3.356846570968628,3.3469903469085693,3.345522880554199,3.3608083724975586,3.355674982070923,3.3584988117218018,3.3460445404052734,3.3497657775878906,3.3800954818725586,3.3656270503997803
2,3.3520543575286865,3.360037088394165,3.357520580291748,3.364987850189209,3.3664865493774414,3.358314037322998,3.351759195327759,3.35750675201416,3.3628437519073486,3.3753607273101807
3,3.3578624725341797,3.3505806922912598,3.359344005584717,3.385047435760498,3.3561458587646484,3.3448328971862793,3.3493993282318115,3.357656955718994,3.3562064170837402,3.365931510925293
