round_num,node_0,node_1,node_2,node_3,node_4,node_5,node_6,node_7,node_8,node_9
1,3.26066255569458,3.2406094074249268,3.2348358631134033,3.242255210876465,3.255784749984741,3.2395739555358887,3.2351973056793213,3.237112283706665,3.231455087661743,3.2364373207092285
2,3.250190496444702,3.238518714904785,3.235934019088745,3.2619431018829346,3.235879898071289,3.244417190551758,3.2344400882720947,3.241766929626465,3.2558679580688477,3.2386083602905273
3,3.2408740520477295,3.239508867263794,3.2356643676757812,3.2552196979522705,3.246223211288452,3.258798837661743,3.2465600967407227,3.240241050720215,3.2405998706817627,3.2346084117889404
