round_num,accuracy,loss
0,0.010484273589615577,1.9769342649119888
1,0.6674987518721918,1.2289294018128842
2,0.6674987518721918,1.2049752907698237
3,0.6674987518721918,1.22622175039319
