round_num,accuracy,loss
0,0.0568,2.424369065093994
1,0.4659,1.85700612449646
2,0.6324,1.4219307180404663
3,0.6933,1.1905971862792968
