round_num,accuracy,loss
0,0.010484273589615577,1.9685522494051853
1,0.10883674488267599,1.9259338700289257
2,0.6015976035946081,1.0436683964027027
3,0.6674987518721918,0.9305768223684904
