round_num,accuracy,loss
0,0.6674987518721918,1.4632518407528363
1,0.6674987518721918,1.2043513387545788
2,0.6674987518721918,1.1975173255650924
3,0.6674987518721918,1.1582738584836483
