round_num,accuracy,loss
0,0.05391912131802296,2.044716468050191
1,0.6674987518721918,1.5209118017124286
2,0.6674987518721918,1.231268603207764
3,0.6674987518721918,1.1880390722633778
