round_num,accuracy,loss
0,0.1039,2.3663684787750245
1,0.2765,2.098280234146118
2,0.5645,1.7460105562210082
3,0.6667,1.4269731767654419
