round_num,accuracy,loss
0,0.1065,2.372205508041382
1,0.647,1.3076363548278809
2,0.7432,0.8858367166519165
3,0.7825,0.6818912990570068
