round_num,accuracy,loss
0,0.0959,2.3857988235473635
1,0.135,2.4905780662536623
2,0.1327,2.3823610649108886
3,0.2331,2.2690592460632324
