round_num,node_0,node_1,node_2,node_3,node_4,node_5,node_6,node_7,node_8,node_9
1,3.3522286415100098,3.3522286415100098,3.3522286415100098,3.3490118980407715,3.3522286415100098,3.3522286415100098,3.363781213760376,3.3533308506011963,3.3522286415100098,3.3522286415100098
2,3.352632761001587,3.346595525741577,3.352632761001587,3.352632761001587,3.352632761001587,3.358257532119751,3.3670129776000977,3.352632761001587,3.352632761001587,3.352632761001587
3,3.3461503982543945,3.3566553592681885,3.353492259979248,3.353492259979248,3.353492259979248,3.353492259979248,3.353492259979248,3.353492259979248,3.353492259979248,3.363426923751831
