round_num,accuracy,loss
0,0.1135,2.320811563873291
1,0.6775,1.1038725620269776
2,0.8758,0.5801442707061768
3,0.8211,0.49529102263450625
