round_num,accuracy,loss
0,0.1025,2.435729723358154
1,0.8421,0.5932951048851013
2,0.9705,0.09234369508102536
3,0.98,0.05766599205266684
