round_num,node_0,node_1,node_2,node_3,node_4,node_5,node_6,node_7,node_8,node_9
1,4.354053974151611,4.103302001953125,4.275221347808838,4.30298376083374,4.290536403656006,4.279361724853516,4.292903900146484,4.229434967041016,4.235760688781738,4.189371109008789
2,4.528221130371094,4.62213134765625,4.344522953033447,4.425546646118164,4.495151042938232,4.375615119934082,4.353405475616455,4.433138370513916,4.475438117980957,4.44219446182251
3,4.860953330993652,4.853137016296387,4.605420112609863,4.688364028930664,4.64544677734375,4.703756809234619,4.705268859863281,4.68071985244751,4.717249870300293,4.696344375610352
