round_num,node_0,node_1,node_2,node_3,node_4,node_5,node_6,node_7,node_8,node_9
1,3.253847122192383,3.2388522624969482,3.2509477138519287,3.2480130195617676,3.2527732849121094,3.2568235397338867,3.244084358215332,3.2573370933532715,3.252983808517456,3.244584083557129
2,3.261345863342285,3.249249219894409,3.2525336742401123,3.253922939300537,3.2373077869415283,3.254760503768921,3.248530626296997,3.260396957397461,3.246753215789795,3.246056079864502
3,3.2554359436035156,3.2537105083465576,3.2456116676330566,3.2587568759918213,3.2490992546081543,3.2585270404815674,3.255460739135742,3.253612518310547,3.253922939300537,3.253695249557495
