round_num,accuracy,loss
0,0.0294,2.4101589515686035
1,0.2221,2.1746173908233644
2,0.5403,1.8565594926834106
3,0.6779,1.4843721218109132
