round_num,node_0,node_1,node_2,node_3,node_4,node_5,node_6,node_7,node_8,node_9
1,3.2607672214508057,3.26672625541687,3.2780251502990723,3.2615222930908203,3.2773349285125732,3.2562410831451416,3.268326997756958,3.2573068141937256,3.256351947784424,3.263862133026123
2,3.25761079788208,3.2656655311584473,3.2676751613616943,3.267397165298462,3.2682912349700928,3.2648167610168457,3.272791862487793,3.2680206298828125,3.2607479095458984,3.2640762329101562
3,3.2650859355926514,3.272918462753296,3.2655508518218994,3.2649991512298584,3.266498327255249,3.263669490814209,3.276618480682373,3.2616937160491943,3.270953416824341,3.2706832885742188
