round_num,accuracy,loss
0,0.010484273589615577,1.9781886298122016
1,0.05341987019470794,1.9479526642615117
2,0.05341987019470794,1.9932564275001683
3,0.05341987019470794,2.0016263274032355
