round_num,accuracy,loss
0,0.10833749375936096,2.340189872237961
1,0.6674987518721918,1.2811139396471318
2,0.6674987518721918,1.1719829167834057
3,0.6674987518721918,1.1702046056895987
