round_num,accuracy,loss
0,0.1012,2.3127769496917723
1,0.1976,2.1152432918548585
2,0.4475,1.8268689582824706
3,0.6047,1.518179601097107
