round_num,node_0,node_1,node_2,node_3,node_4,node_5,node_6,node_7,node_8,node_9
1,3.2097785472869873,3.228402853012085,3.1940953731536865,3.2058870792388916,3.20235538482666,3.199923038482666,3.1918931007385254,3.2167768478393555,3.2208056449890137,3.2104809284210205
2,3.212071418762207,3.2127740383148193,3.21543288230896,3.1990957260131836,3.2211923599243164,3.2077624797821045,3.201000452041626,3.196193218231201,3.200186014175415,3.2057671546936035
3,3.205355405807495,3.2133162021636963,3.2082340717315674,3.2093029022216797,3.2163023948669434,3.207631826400757,3.2038228511810303,3.2125649452209473,3.196915626525879,3.1944162845611572
