round_num,accuracy,loss
0,0.1098,2.3952654651641847
1,0.7095,1.523518310546875
2,0.8004,1.0372341680526733
3,0.8417,0.8091517107963562
