round_num,accuracy,loss
0,0.09985022466300549,1.894166789231036
1,0.6674987518721918,1.3225002442963172
2,0.6674987518721918,1.2757911438115883
3,0.6674987518721918,1.2578147160548658
