round_num,accuracy,loss
0,0.014478282576135796,2.1695959450183246
1,0.6674987518721918,1.270326557721249
2,0.6674987518721918,1.3862646985994358
3,0.6674987518721918,1.5203363734129602
