round_num,accuracy,loss
0,0.0474,2.3630968799591066
1,0.3558,2.0082333557128904
2,0.6693,1.4186730514526367
3,0.7237,1.154136653137207
