round_num,accuracy,loss
0,0.035,2.4220652362823487
1,0.6545,1.5955201171875
2,0.7395,1.11505268573761
3,0.762,0.8789287952423096
