round_num,node_0,node_1,node_2,node_3,node_4,node_5,node_6,node_7,node_8,node_9,node_10,node_11,node_12,node_13,node_14
1,3.11177134513855,3.116096019744873,3.110262870788574,3.1154773235321045,3.109292507171631,3.110130548477173,3.105246067047119,3.1153452396392822,3.1066062450408936,3.112532377243042,3.109799385070801,3.111398696899414,3.111581563949585,3.109448194503784,3.106229543685913
2,3.1122303009033203,3.1148810386657715,3.1050798892974854,3.112483263015747,3.118692636489868,3.1159615516662598,3.1135001182556152,3.1085615158081055,3.116555690765381,3.1138439178466797,3.1161584854125977,3.10459566116333,3.1072845458984375,3.113330841064453,3.113142490386963
3,3.120678186416626,3.1064445972442627,3.116529941558838,3.1105546951293945,3.1134378910064697,3.0991451740264893,3.116239309310913,3.1146979331970215,3.115088701248169,3.107255458831787,3.109961986541748,3.1076488494873047,3.1155595779418945,3.1133790016174316,3.115412950515747
