round_num,accuracy,loss
0,0.07,2.387017219924927
1,0.6153,1.559403507423401
2,0.6929,1.1451247045516968
3,0.7449,0.9155258958816528
