round_num,accuracy,loss
0,0.10883674488267599,1.9660019821008918
1,0.10883674488267599,1.99207171635573
2,0.10883674488267599,2.0651290920217575
3,0.10883674488267599,2.057366880249275
