round_num,accuracy,loss
0,0.010484273589615577,2.1106609817272535
1,0.6674987518721918,1.3075388233719976
2,0.6674987518721918,1.1868772337987787
3,0.6674987518721918,1.1846126393562428
