round_num,node_0,node_1,node_2,node_3,node_4,node_5,node_6,node_7,node_8,node_9
1,3.06772518157959,3.074657440185547,3.071178913116455,3.062767505645752,3.0432543754577637,3.0482351779937744,3.0603480339050293,3.07159423828125,3.0474884510040283,3.0711190700531006
2,3.0702133178710938,3.0620548725128174,3.0549814701080322,3.075394630432129,3.069333076477051,3.064781427383423,3.0541467666625977,3.065110206604004,3.0487749576568604,3.0594494342803955
3,3.069553852081299,3.078690767288208,3.0656416416168213,3.069293260574341,3.0620200634002686,3.050503730773926,3.070755958557129,3.0793874263763428,3.055607318878174,3.0582728385925293
