round_num,accuracy,loss
0,0.1009,2.376879468536377
1,0.3055,2.1296073291778566
2,0.6093,1.807999824142456
3,0.6709,1.4731124618530274
