round_num,node_0,node_1,node_2,node_3,node_4,node_5,node_6,node_7,node_8,node_9
1,3.4274890422821045,3.4080729484558105,3.420958995819092,3.4156289100646973,3.4182517528533936,3.4170377254486084,3.4090030193328857,3.4114229679107666,3.4131624698638916,3.419198751449585
2,3.4163801670074463,3.4363462924957275,3.41086745262146,3.427208662033081,3.4241034984588623,3.431229829788208,3.3969168663024902,3.4333739280700684,3.4182631969451904,3.4273288249969482
3,3.424382209777832,3.4252214431762695,3.4298670291900635,3.422837972640991,3.4255471229553223,3.4104976654052734,3.444084405899048,3.4230942726135254,3.420637369155884,3.4194092750549316
