round_num,accuracy,loss
0,0.1203,2.351352529144287
1,0.72,0.9112601895332336
2,0.8597,0.46389289808273315
3,0.7622,0.6865142117023468
