round_num,accuracy,loss
0,0.0974,2.444146133041382
1,0.7008,1.0454424528121948
2,0.8805,0.3579229842662811
3,0.8986,0.28146351931095126
