round_num,node_0,node_1,node_2,node_3,node_4,node_5,node_6,node_7,node_8,node_9,node_10,node_11,node_12,node_13,node_14
1,3.94126558303833,3.8894474506378174,3.9472696781158447,3.8610119819641113,3.8270485401153564,3.937405586242676,3.8668038845062256,3.982196092605591,3.8935658931732178,4.054126262664795,3.9580812454223633,3.9486711025238037,3.9672586917877197,3.9705891609191895,4.045677185058594
2,4.065794467926025,4.017312049865723,4.111603736877441,4.074071407318115,4.117497444152832,3.99552059173584,4.0546875,4.029206275939941,3.9769580364227295,4.04290246963501,3.9698336124420166,4.038095474243164,3.987104892730713,3.9756693840026855,4.023367404937744
3,4.162968158721924,4.154502868652344,4.140717029571533,4.217519760131836,4.143186092376709,4.206338882446289,4.208277702331543,4.252586364746094,4.188178062438965,4.158679962158203,4.188995361328125,4.127109050750732,4.22136116027832,4.2189741134643555,4.156521797180176
