round_num,accuracy,loss
0,0.05341987019470794,1.909094594385525
1,0.6674987518721918,1.2282621170720993
2,0.6674987518721918,1.2253499605390232
3,0.6674987518721918,1.248416495454115
