round_num,accuracy,loss
0,0.0866,2.4019245121002197
1,0.5408,1.9605099660873413
2,0.7938,1.284668088531494
3,0.831,1.022571080684662
