round_num,accuracy,loss
0,0.1068,2.3467957679748537
1,0.1169,2.424524962615967
2,0.1226,2.4241185218811037
3,0.1376,2.40012106628418
