round_num,accuracy,loss
0,0.050424363454817774,1.9859401335790046
1,0.6674987518721918,1.2270890437419928
2,0.6674987518721918,1.2808227319450778
3,0.6674987518721918,1.380459999329914
