round_num,accuracy,loss
0,0.0982,2.4206144870758055
1,0.1236,2.7176012977600097
2,0.1032,2.587522531890869
3,0.101,2.435297212982178
