round_num,accuracy,loss
0,0.105,2.3696028923034667
1,0.1462,2.281035620880127
2,0.2558,2.242641700744629
3,0.3258,2.2124345371246337
