round_num,accuracy,loss
0,0.1057,2.3542579410552977
1,0.4944,2.3412328704833985
2,0.7322,1.1939655757904053
3,0.5547,1.2014589336395263
