round_num,accuracy,loss
0,0.05341987019470794,2.138968828018463
1,0.6674987518721918,1.300089607105455
2,0.6674987518721918,1.1871363132284454
3,0.6674987518721918,1.195635599966235
