round_num,accuracy,loss
0,0.0825,2.3403575996398924
1,0.6007,1.4641751544952393
2,0.6903,1.0797154783248901
3,0.723,0.8939642444610596
