round_num,node_0,node_1,node_2,node_3,node_4,node_5,node_6,node_7,node_8,node_9,node_10,node_11,node_12,node_13,node_14
1,3.2280094623565674,3.207202434539795,3.212219715118408,3.217930316925049,3.211920976638794,3.2139110565185547,3.212123394012451,3.2097952365875244,3.213552236557007,3.2129061222076416,3.213200330734253,3.2121260166168213,3.2072865962982178,3.2099835872650146,3.216235399246216
2,3.2173209190368652,3.216505527496338,3.209658622741699,3.214447021484375,3.2112302780151367,3.20849609375,3.2152316570281982,3.217611074447632,3.2137937545776367,3.2163987159729004,3.211129903793335,3.210888385772705,3.2120914459228516,3.21346116065979,3.212998867034912
3,3.2114455699920654,3.215968370437622,3.2190842628479004,3.2130420207977295,3.206615447998047,3.2136178016662598,3.215543508529663,3.2193310260772705,3.2149012088775635,3.2158384323120117,3.219099998474121,3.219836473464966,3.217853546142578,3.214772939682007,3.2143144607543945
