round_num,accuracy,loss
0,0.1058,2.3502783390045168
1,0.6436,1.4403856184005737
2,0.7112,1.0532866639137268
3,0.7337,0.8666074503898621
