round_num,accuracy,loss
0,0.1461,2.3903577220916747
1,0.655,1.4994480617523194
2,0.6999,1.1086042209625244
3,0.715,0.9303233959197998
