round_num,accuracy,loss
0,0.0715,2.3124218544006347
1,0.6172,1.5643958393096924
2,0.7112,1.1317377527236938
3,0.7377,0.9084570576667785
