round_num,accuracy,loss
0,0.0971,2.3840676235198974
1,0.1009,2.588056455230713
2,0.2022,1.8412137720108033
3,0.6275,1.0803238662719727
