round_num,accuracy,loss
0,0.036445332001997004,2.1510545523001205
1,0.034947578632051925,2.005058137286144
2,0.034947578632051925,1.9128642740454367
3,0.6674987518721918,1.2758099809623753
