round_num,accuracy,loss
0,0.0948,2.480565330886841
1,0.3265,2.0738269317626954
2,0.6098,1.6949680730819703
3,0.6935,1.382774520111084
