round_num,accuracy,loss
0,0.5776335496754867,1.8044135809777917
1,0.6674987518721918,1.2327304185775894
2,0.6674987518721918,1.2644882688984178
3,0.6674987518721918,1.2902990329640542
