round_num,accuracy,loss
0,0.017473789316025962,2.00231965934403
1,0.05541687468796805,2.1203107855287837
2,0.12331502745881179,2.046406638009276
3,0.12231652521218173,2.006422241687537
