round_num,accuracy,loss
0,0.2016974538192711,1.891271057333639
1,0.6674987518721918,1.2161250375118247
2,0.6674987518721918,1.2062716900677426
3,0.6674987518721918,1.229889467901667
