round_num,accuracy,loss
0,0.1085,2.3702083625793455
1,0.8049,1.21027593460083
2,0.8564,0.795971089553833
3,0.8694,0.6099031463623047
