round_num,accuracy,loss
0,0.05142286570144783,2.2453536820661646
1,0.6660009985022466,1.5603788762585378
2,0.6674987518721918,1.384502647224213
3,0.6674987518721918,1.3315625454983113
