round_num,accuracy,loss
0,0.10883674488267599,2.0408690601840234
1,0.6674987518721918,1.252852218899796
2,0.6674987518721918,1.4016085492927792
3,0.6674987518721918,1.6052452441280745
