round_num,accuracy,loss
0,0.014977533699450823,1.9471032402245212
1,0.6674987518721918,1.2200843414781812
2,0.6674987518721918,1.203744973948284
3,0.6674987518721918,1.2131959959321539
