round_num,accuracy,loss
0,0.10584123814278582,2.3190821494332448
1,0.6674987518721918,1.3893880300740866
2,0.6674987518721918,1.197639441377094
3,0.6674987518721918,1.1811766703606128
