round_num,accuracy,loss
0,0.052421367948077884,2.0954641228131634
1,0.6674987518721918,1.2086638677614185
2,0.6674987518721918,1.2520018928478316
3,0.6674987518721918,1.2987218538166223
