round_num,node_0,node_1,node_2,node_3,node_4,node_5,node_6,node_7,node_8,node_9
1,3.2658205032348633,3.265482187271118,3.2636845111846924,3.266878843307495,3.2660014629364014,3.2673919200897217,3.2650156021118164,3.2660112380981445,3.267336130142212,3.264634609222412
2,3.2642884254455566,3.2685837745666504,3.2679905891418457,3.2644968032836914,3.2674546241760254,3.26690411567688,3.265106201171875,3.267019510269165,3.264029026031494,3.2677865028381348
3,3.2636446952819824,3.268653392791748,3.2665152549743652,3.2658464908599854,3.266165256500244,3.2671773433685303,3.264666795730591,3.2650222778320312,3.267422676086426,3.268197536468506
