round_num,accuracy,loss
0,0.091,2.372709840393066
1,0.6964,1.5613643579483032
2,0.7446,1.104559999847412
3,0.7917,0.893456729888916
