round_num,node_0,node_1,node_2,node_3,node_4,node_5,node_6,node_7,node_8,node_9
1,3.2807698249816895,3.2804269790649414,3.2809574604034424,3.2819035053253174,3.2820982933044434,3.2797458171844482,3.2795238494873047,3.2792680263519287,3.281435012817383,3.27966046333313
2,3.2808845043182373,3.2807412147521973,3.280596971511841,3.2822093963623047,3.2811012268066406,3.2815585136413574,3.2806143760681152,3.28198504447937,3.2816219329833984,3.2785282135009766
3,3.2814342975616455,3.2808704376220703,3.279954433441162,3.2824995517730713,3.2825160026550293,3.279937505722046,3.2805867195129395,3.281564712524414,3.2808690071105957,3.279928207397461
