round_num,accuracy,loss
0,0.1121,2.3737816234588625
1,0.3141,2.0055848106384278
2,0.6325,1.4068289918899537
3,0.6825,1.1798676235198975
