round_num,accuracy,loss
0,0.1011,2.387938207244873
1,0.8111,1.0558216974258423
2,0.8781,0.593652314567566
3,0.8916,0.4349576312541962
