round_num,accuracy,loss
0,0.654518222666001,1.7193348435717586
1,0.6674987518721918,1.6078409870088666
2,0.6674987518721918,1.3891230912072863
3,0.6674987518721918,1.3842179364581972
