round_num,accuracy,loss
0,0.0963,2.3781381958007812
1,0.8028,0.759335398387909
2,0.8835,0.31998432385921477
3,0.9109,0.25365191898345946
