round_num,accuracy,loss
0,0.034947578632051925,2.5003585686876484
1,0.6674987518721918,1.308407525271103
2,0.6674987518721918,1.2010511660421126
3,0.6674987518721918,1.20420626176338
