round_num,accuracy,loss
0,0.1472790813779331,1.8133739771035928
1,0.6674987518721918,1.2124038992437551
2,0.6674987518721918,1.263378671985594
3,0.6674987518721918,1.3275382929126798
