round_num,accuracy,loss
0,0.08986520219670495,2.4368343046172165
1,0.6674987518721918,1.2376657617847977
2,0.6674987518721918,1.3819556425228394
3,0.6674987518721918,1.5661172289522183
