round_num,accuracy,loss
0,0.10883674488267599,1.9732419969555859
1,0.6674987518721918,1.1911413006287364
2,0.6674987518721918,1.2116710651057754
3,0.6674987518721918,1.21578348182882
