round_num,accuracy,loss
0,0.1446,2.4369129570007324
1,0.1495,2.4060883083343505
2,0.2492,2.4006046611785887
3,0.2292,2.2215250385284424
