round_num,node_0,node_1,node_2,node_3,node_4,node_5,node_6,node_7,node_8,node_9,node_10,node_11,node_12,node_13,node_14
1,3.386650800704956,3.3829290866851807,3.3865623474121094,3.384953022003174,3.3879194259643555,3.372830629348755,3.3771095275878906,3.384103775024414,3.3833963871002197,3.368546962738037,3.3715927600860596,3.377776622772217,3.381840229034424,3.372483253479004,3.3683509826660156
2,3.397087335586548,3.3722076416015625,3.389719009399414,3.3871142864227295,3.3956189155578613,3.3761088848114014,3.3792672157287598,3.3747787475585938,3.375185251235962,3.379063129425049,3.3900327682495117,3.3860983848571777,3.388550043106079,3.3765876293182373,3.383751630783081
3,3.386488437652588,3.3777875900268555,3.3812990188598633,3.3788576126098633,3.3822362422943115,3.387528419494629,3.3803703784942627,3.383432626724243,3.3760287761688232,3.3882551193237305,3.371138572692871,3.3843576908111572,3.3945140838623047,3.390733480453491,3.3833417892456055
