round_num,accuracy,loss
0,0.0978,2.4136504791259767
1,0.5693,1.6315620960235595
2,0.6928,1.1680887308120727
3,0.7193,0.962128310585022
