round_num,accuracy,loss
0,0.0728,2.326472793197632
1,0.5965,1.4970811445236205
2,0.6899,1.1055786012649536
3,0.7287,0.9137619533538819
