round_num,accuracy,loss
0,0.098,2.437193995666504
1,0.4235,2.1023809425354005
2,0.6665,1.4527126276016236
3,0.7509,1.1974323162078857
