round_num,node_0,node_1,node_2,node_3,node_4
1,3.4006738662719727,3.397991895675659,3.4061203002929688,3.392153024673462,3.377833366394043
2,3.3884212970733643,3.400520086288452,3.398573398590088,3.3930702209472656,3.411062479019165
3,3.3969013690948486,3.4067859649658203,3.3917768001556396,3.4057388305664062,3.3974406719207764
