round_num,accuracy,loss
0,0.1158,2.3454234481811524
1,0.7016,1.0698111169815063
2,0.8714,0.554750477695465
3,0.9044,0.3799922332286835
