round_num,accuracy,loss
0,0.10883674488267599,1.9584017925362438
1,0.10883674488267599,1.99568740772832
2,0.10883674488267599,2.0037969463298873
3,0.10933599600599102,2.0191145690750374
