round_num,accuracy,loss
0,0.0974,2.3448798248291016
1,0.0974,2.491761952972412
2,0.1395,2.3657210117340086
3,0.101,2.5079435482025145
