round_num,accuracy,loss
0,0.017473789316025962,1.938823528963509
1,0.10883674488267599,2.0104067569009914
2,0.507738392411383,1.3593027004288603
3,0.6395406889665501,0.9273789582761954
