round_num,node_0,node_1,node_2,node_3,node_4,node_5,node_6,node_7,node_8,node_9
1,3.2747344970703125,3.274807929992676,3.2750508785247803,3.2760815620422363,3.2744781970977783,3.2737836837768555,3.2743918895721436,3.2748773097991943,3.27384090423584,3.2750415802001953
2,3.273458957672119,3.2735769748687744,3.2753450870513916,3.276186227798462,3.272629976272583,3.273911714553833,3.2753686904907227,3.2746694087982178,3.2756102085113525,3.2754390239715576
3,3.272820472717285,3.272958993911743,3.2759807109832764,3.273587942123413,3.2736623287200928,3.2739903926849365,3.2756075859069824,3.2743921279907227,3.275364398956299,3.275000810623169
