round_num,accuracy,loss
0,0.10733899151273091,2.049530007038126
1,0.6674987518721918,1.2105033135211771
2,0.6674987518721918,1.1949046446987825
3,0.6674987518721918,1.1908928885557506
