round_num,accuracy,loss
0,0.03344982526210684,2.136000157711926
1,0.6674987518721918,1.183305708456206
2,0.6674987518721918,1.2367974885749151
3,0.6674987518721918,1.3089874992653898
