round_num,accuracy,loss
0,0.017473789316025962,1.9505379362458655
1,0.11682476285571643,1.8111890875215955
2,0.6525212181727409,0.9485506941780589
3,0.6310534198701947,0.9723650496183368
