round_num,accuracy,loss
0,0.05341987019470794,1.9089210101859426
1,0.6674987518721918,1.2939346898393635
2,0.6674987518721918,1.2414584549081604
3,0.6674987518721918,1.262682009207506
