round_num,accuracy,loss
0,0.011482775836245632,2.079881552273907
1,0.6674987518721918,1.357014454547846
2,0.6674987518721918,1.3154212733357773
3,0.6674987518721918,1.2203679584111802
