round_num,accuracy,loss
0,0.10883674488267599,2.3005948219070778
1,0.6674987518721918,1.1752134696043437
2,0.6674987518721918,1.2303155739189564
3,0.6674987518721918,1.308628170893779
