round_num,accuracy,loss
0,0.1366,2.4147914951324463
1,0.1326,2.4409344928741454
2,0.5397,1.4150841627120971
3,0.6955,0.9368487998962403
