round_num,accuracy,loss
0,0.10883674488267599,2.328833974723035
1,0.6674987518721918,1.228952876460951
2,0.6674987518721918,1.3704425117937376
3,0.6674987518721918,1.5868072035428114
