round_num,accuracy,loss
0,0.017473789316025962,2.300740483517773
1,0.6674987518721918,1.2507664575852933
2,0.6674987518721918,1.2311320011459823
3,0.6674987518721918,1.26123033103143
