round_num,accuracy,loss
0,0.1092,2.336880463409424
1,0.4796,2.3691331840515137
2,0.493,1.6253183633804322
3,0.8128,1.2313257984161377
