round_num,accuracy,loss
0,0.0907,2.416338451766968
1,0.3791,2.15611559677124
2,0.7012,1.4474987562179567
3,0.7641,1.1918744701385497
