round_num,accuracy,loss
0,0.0569,2.387568974304199
1,0.6714,1.275031780052185
2,0.7086,0.932368709564209
3,0.731,0.7853618557929992
