round_num,accuracy,loss
0,0.1423,2.3321274192810058
1,0.6658,1.0724442834854127
2,0.85,0.46172620978355405
3,0.7362,0.7498879769325256
