round_num,accuracy,loss
0,0.05341987019470794,2.3857738657469043
1,0.6674987518721918,1.2638475497960449
2,0.6674987518721918,1.2348580857961104
3,0.6674987518721918,1.2381495354595746
