round_num,accuracy,loss
0,0.10883674488267599,1.9651130966942607
1,0.10883674488267599,1.9653193394779505
2,0.10883674488267599,1.9233070200702518
3,0.05341987019470794,1.9421326474910132
