round_num,accuracy,loss
0,0.012481278082875686,1.8031447772317926
1,0.6674987518721918,1.22232273490323
2,0.6674987518721918,1.2541069017906399
3,0.6674987518721918,1.3026993755572924
