round_num,accuracy,loss
0,0.15027458811782327,1.8226115642877085
1,0.6674987518721918,1.2811035240999888
2,0.6674987518721918,1.1871878665742193
3,0.6674987518721918,1.1948985951100357
