round_num,accuracy,loss
0,0.0921,2.3909780532836913
1,0.5896,1.234035738182068
2,0.6824,0.9206878118515015
3,0.7241,0.7589507061004639
