round_num,accuracy,loss
0,0.1296,2.3818986328125
1,0.1075,2.343849303817749
2,0.1303,2.3762167060852053
3,0.1254,2.467588201904297
