round_num,accuracy,loss
0,0.081,2.3999072650909423
1,0.5762,1.7518816759109497
2,0.6509,1.309166229057312
3,0.7013,1.075381173324585
