round_num,node_0,node_1,node_2,node_3,node_4,node_5,node_6,node_7,node_8,node_9
1,3.1811881065368652,3.1866650581359863,3.1787471771240234,3.1828720569610596,3.1836297512054443,3.169874668121338,3.171755790710449,3.183126926422119,3.1758997440338135,3.176117420196533
2,3.1872575283050537,3.1700565814971924,3.179490089416504,3.17533802986145,3.190241575241089,3.1679604053497314,3.1830129623413086,3.182466745376587,3.1798009872436523,3.181732654571533
3,3.1743147373199463,3.1831793785095215,3.181875705718994,3.190066337585449,3.1806468963623047,3.1691713333129883,3.175171136856079,3.1819114685058594,3.1878249645233154,3.175414800643921
