round_num,accuracy,loss
0,0.103,2.3579542747497557
1,0.7765,1.2199290857315064
2,0.8272,0.8082374759674072
3,0.8554,0.6209636796951294
