round_num,accuracy,loss
0,0.1021,2.366789729690552
1,0.7321,1.3399485321044922
2,0.8333,0.8868986980438233
3,0.8621,0.6666301887512207
