round_num,accuracy,loss
0,0.04942586120818772,2.1273009273569046
1,0.06440339490763854,1.9050764506064353
2,0.6674987518721918,1.2100771490597928
3,0.6674987518721918,1.216831922709674
