round_num,accuracy,loss
0,0.10883674488267599,1.9514900105510185
1,0.10883674488267599,1.959589618774753
2,0.6275586620069895,1.0345316097192387
3,0.6655017473789316,0.9564398145354276
