round_num,accuracy,loss
0,0.1412,2.416030506515503
1,0.5191,1.7316667846679688
2,0.7669,1.2006680564880372
3,0.794,0.9803470898628235
