round_num,accuracy,loss
0,0.032950574138791815,2.0004850434947477
1,0.6674987518721918,1.2251882034721697
2,0.6674987518721918,1.3017639821907667
3,0.6674987518721918,1.4109102315862239
