round_num,accuracy,loss
0,0.6674987518721918,1.6143005666766117
1,0.6674987518721918,1.2163823030617495
2,0.6674987518721918,1.2925919849040564
3,0.6674987518721918,1.374335022610661
