round_num,accuracy,loss
0,0.05341987019470794,1.9372763139750442
1,0.6674987518721918,1.9251544379735672
2,0.05341987019470794,1.9500649424118217
3,0.05341987019470794,1.9547585001363197
