round_num,accuracy,loss
0,0.010983524712930605,2.0668964903770064
1,0.6674987518721918,1.5707639936679492
2,0.6674987518721918,1.2804820732182405
3,0.6674987518721918,1.2414934518512224
