round_num,node_0,node_1,node_2,node_3,node_4,node_5,node_6,node_7,node_8,node_9
1,3.3540725708007812,3.3540725708007812,3.368612766265869,3.3540725708007812,3.3540725708007812,3.3540725708007812,3.366945505142212,3.3540725708007812,3.3540725708007812,3.3540725708007812
2,3.3566677570343018,3.3566677570343018,3.3566677570343018,3.3566677570343018,3.365361452102661,3.3566677570343018,3.3566677570343018,3.3566677570343018,3.3566677570343018,3.3711953163146973
3,3.374281406402588,3.3588225841522217,3.3588225841522217,3.3588225841522217,3.3588225841522217,3.3588225841522217,3.3588225841522217,3.3588225841522217,3.3674428462982178,3.3588225841522217
