round_num,accuracy,loss
0,0.16,2.3538051879882813
1,0.1536,2.802876779937744
2,0.0982,2.5655869636535646
3,0.1876,2.331845956039429
