round_num,accuracy,loss
0,0.0962,2.345613957977295
1,0.3725,1.887745351409912
2,0.6668,1.3960773210525512
3,0.7042,1.1324287006378173
