round_num,accuracy,loss
0,0.10883674488267599,1.965898939804976
1,0.10883674488267599,1.9998191031466945
2,0.10883674488267599,1.9435969426878321
3,0.10883674488267599,1.9421341378154364
