round_num,accuracy,loss
0,0.040439340988517224,2.0962496817974943
1,0.6674987518721918,1.1690661959569573
2,0.6674987518721918,1.1572444171710308
3,0.6674987518721918,1.1681716990542306
