round_num,accuracy,loss
0,0.1298,2.3580766059875486
1,0.4325,2.1259892993927
2,0.6692,1.565965375328064
3,0.7604,1.2622883777618408
