round_num,accuracy,loss
0,0.05341987019470794,1.9037023382191651
1,0.6674987518721918,1.220216946398325
2,0.6674987518721918,1.2240480272637804
3,0.6674987518721918,1.2487437405469592
