round_num,accuracy,loss
0,0.010484273589615577,1.911729667345048
1,0.010484273589615577,1.8942861911718452
2,0.6674987518721918,1.2082842001007963
3,0.6674987518721918,1.2085542535847327
