round_num,accuracy,loss
0,0.40988517224163756,1.693553081108699
1,0.6674987518721918,1.1944999819211346
2,0.6674987518721918,1.2422432942326165
3,0.6674987518721918,1.3075738607557548
