round_num,accuracy,loss
0,0.0968,2.3692735008239745
1,0.5454,1.3901059404373168
2,0.8845,0.34489577879905703
3,0.6533,1.2349663106918336
