round_num,accuracy,loss
0,0.0651,2.371702724838257
1,0.7652,0.8194551235198975
2,0.7476,0.6609800293445587
3,0.8603,0.3713598169565201
