round_num,node_0,node_1,node_2,node_3,node_4,node_5,node_6,node_7,node_8,node_9
1,4.140909194946289,4.119887351989746,4.185546875,4.185612678527832,4.160341739654541,4.212015151977539,4.230421543121338,4.251339435577393,4.191027641296387,4.319471836090088
2,4.31049919128418,4.32175874710083,4.345903396606445,4.3044962882995605,4.315990447998047,4.484495639801025,4.461468696594238,4.42672061920166,4.367289066314697,4.403676509857178
3,4.524503231048584,4.546633720397949,4.5312180519104,4.5927839279174805,4.5146589279174805,4.590288162231445,4.526252746582031,4.567621231079102,4.491315841674805,4.528475284576416
