round_num,node_0,node_1,node_2,node_3,node_4,node_5,node_6,node_7,node_8,node_9
1,4.05622673034668,4.17657470703125,3.9467010498046875,4.08297872543335,4.106633186340332,4.084006309509277,4.084349632263184,4.082299709320068,4.0126423835754395,4.147043704986572
2,4.187131881713867,4.253112316131592,4.321222305297852,4.220634460449219,4.386784553527832,4.2201008796691895,4.221198081970215,4.282226085662842,4.259954929351807,4.233155727386475
3,4.44832181930542,4.523321151733398,4.484621047973633,4.501420974731445,4.451547145843506,4.468184471130371,4.471075057983398,4.545770168304443,4.525517463684082,4.502898693084717
