round_num,accuracy,loss
0,0.6674987518721918,1.9087582714725482
1,0.10883674488267599,1.9696664378099065
2,0.6205691462805791,1.0315662796534244
3,0.6520219670494258,0.9310431591999037
