round_num,accuracy,loss
0,0.06040938592111832,2.4463284433453425
1,0.13579630554168748,1.716011397492213
2,0.6674987518721918,1.2971665706267907
3,0.6674987518721918,1.20374478278491
