round_num,accuracy,loss
0,0.6674987518721918,1.9177372681755336
1,0.6674987518721918,1.8974878446971304
2,0.6674987518721918,1.8753176640702436
3,0.10883674488267599,2.0430636116700116
