round_num,accuracy,loss
0,0.01797304043934099,1.9434877093053733
1,0.6674987518721918,1.2950801348245804
2,0.6674987518721918,1.459019800751315
3,0.6674987518721918,1.6560979617635905
