round_num,accuracy,loss
0,0.0901,2.4229499519348145
1,0.7603,1.2857608211517333
2,0.8381,0.8279320197105408
3,0.873,0.6097482810974121
