round_num,accuracy,loss
0,0.019470793809286072,2.399212033880751
1,0.6674987518721918,1.3247325568572914
2,0.6674987518721918,1.2378783423604218
3,0.6674987518721918,1.2612519495140833
