round_num,accuracy,loss
0,0.1178,2.398806575012207
1,0.9383,0.2905701989889145
2,0.9677,0.11542897236347198
3,0.9762,0.079808649520576
