round_num,accuracy,loss
0,0.0929,2.3592588298797605
1,0.9516,0.22412118155956268
2,0.9712,0.10221651172935962
3,0.9777,0.07438331807851792
