round_num,node_0,node_1,node_2,node_3,node_4,node_5,node_6,node_7,node_8,node_9
1,3.4405007362365723,3.44183087348938,3.443956136703491,3.4439353942871094,3.444864511489868,3.4428982734680176,3.4472851753234863,3.44397234916687,3.4476137161254883,3.445568799972534
2,3.4661853313446045,3.4637091159820557,3.4692296981811523,3.4679768085479736,3.4704809188842773,3.4678592681884766,3.467010259628296,3.4634854793548584,3.470855951309204,3.466498851776123
3,3.486077070236206,3.482612371444702,3.4864912033081055,3.4834671020507812,3.4931421279907227,3.4855494499206543,3.4890880584716797,3.483494758605957,3.4860684871673584,3.4881911277770996
