round_num,node_0,node_1,node_2,node_3,node_4,node_5,node_6,node_7,node_8,node_9
1,3.3559532165527344,3.3554046154022217,3.359753131866455,3.3618855476379395,3.370620012283325,3.3661444187164307,3.360475778579712,3.3645436763763428,3.361860990524292,3.3662586212158203
2,3.379983901977539,3.3814609050750732,3.3847615718841553,3.3844361305236816,3.3848307132720947,3.386773109436035,3.3835861682891846,3.3856558799743652,3.38871693611145,3.384572982788086
3,3.400360107421875,3.402449131011963,3.3990819454193115,3.4005703926086426,3.4100701808929443,3.4068992137908936,3.400411605834961,3.4054524898529053,3.4031732082366943,3.4002187252044678
