round_num,accuracy,loss
0,0.017473789316025962,1.993136344882053
1,0.10883674488267599,1.9942973578982037
2,0.6215676485272091,1.043760854425397
3,0.6270594108836745,1.0205051794209246
