round_num,accuracy,loss
0,0.1024,2.3740164325714113
1,0.1818,2.6567500591278077
2,0.2774,2.1093743087768555
3,0.3266,1.7024088790893555
