round_num,accuracy,loss
0,0.1047,2.3389202575683594
1,0.3896,2.1667026302337646
2,0.3754,1.968341641998291
3,0.5307,1.7936233066558838
