round_num,accuracy,loss
0,0.0937,2.3952483589172364
1,0.6079,1.4810056545257568
2,0.6872,1.0912859771728516
3,0.7104,0.9136115703582763
