round_num,accuracy,loss
0,0.1003,2.3627932052612306
1,0.5931,1.4795278833389283
2,0.7036,1.065349345779419
3,0.7254,0.8851661760330201
