round_num,node_0,node_1,node_2,node_3,node_4,node_5,node_6,node_7,node_8,node_9,node_10,node_11,node_12,node_13,node_14
1,3.159090518951416,3.1688954830169678,3.163908004760742,3.1661651134490967,3.1715621948242188,3.161245107650757,3.160099983215332,3.167468786239624,3.165071725845337,3.162177324295044,3.159275770187378,3.159637212753296,3.166329860687256,3.1558001041412354,3.1567611694335938
2,3.1729328632354736,3.162632703781128,3.1568002700805664,3.1563143730163574,3.1676266193389893,3.160743236541748,3.1696524620056152,3.1572518348693848,3.1727077960968018,3.1686344146728516,3.1559956073760986,3.1659295558929443,3.1690351963043213,3.16707706451416,3.158869981765747
3,3.1687965393066406,3.169020891189575,3.1552674770355225,3.162975788116455,3.172978639602661,3.1718831062316895,3.1593871116638184,3.1594431400299072,3.1679835319519043,3.1663589477539062,3.1626100540161133,3.1670594215393066,3.168022632598877,3.17159104347229,3.1629135608673096
