round_num,accuracy,loss
0,0.0926,2.4106059970855713
1,0.1519,2.39457633934021
2,0.6379,1.3050805067062379
3,0.8835,0.6248534121513367
