round_num,accuracy,loss
0,0.081,2.323636819076538
1,0.6607,1.7412011533737182
2,0.7536,1.2415174646377563
3,0.8648,0.9652519400596619
