round_num,accuracy,loss
0,0.0953,2.3937612815856935
1,0.1748,2.2603616119384764
2,0.206,2.1821389541625975
3,0.2343,2.2086042331695555
