round_num,accuracy,loss
0,0.029955067398901646,1.9326633319102462
1,0.6645032451323015,1.6891995480937834
2,0.6674987518721918,1.2848575682980503
3,0.6674987518721918,1.2344865436501582
