round_num,accuracy,loss
0,0.0953,2.4581741172790528
1,0.6919,0.947821795463562
2,0.8705,0.40788110852241516
3,0.944,0.21158805570602418
