round_num,accuracy,loss
0,0.017473789316025962,2.0377610749860318
1,0.6674987518721918,1.3196627156352378
2,0.6674987518721918,1.4793506529827565
3,0.6674987518721918,1.6531727378867116
