round_num,node_0,node_1,node_2,node_3,node_4,node_5,node_6,node_7,node_8,node_9
1,3.2275736331939697,3.230987787246704,3.2305140495300293,3.2364330291748047,3.233478546142578,3.2363882064819336,3.238755464553833,3.2374725341796875,3.2337646484375,3.241018533706665
2,3.2326951026916504,3.2338430881500244,3.2404727935791016,3.2299704551696777,3.2351629734039307,3.2467806339263916,3.2217657566070557,3.238948345184326,3.2384066581726074,3.2396719455718994
3,3.2365105152130127,3.232753276824951,3.22929310798645,3.235675811767578,3.2313246726989746,3.239652633666992,3.242689847946167,3.233323574066162,3.2340497970581055,3.237678289413452
