round_num,accuracy,loss
0,0.0872,2.3925399757385253
1,0.7488,1.3171542348861693
2,0.8413,0.8495459925651551
3,0.8689,0.6221318126678467
