round_num,accuracy,loss
0,0.10933599600599102,2.019220120658056
1,0.6674987518721918,1.220419692683684
2,0.6674987518721918,1.1949836749525826
3,0.6674987518721918,1.2110987355336509
