round_num,accuracy,loss
0,0.1567648527209186,1.812838382561446
1,0.6674987518721918,1.1954755170072726
2,0.6674987518721918,1.2047598826188894
3,0.6674987518721918,1.2037160765571233
