round_num,accuracy,loss
0,0.05341987019470794,2.030869097812022
1,0.6674987518721918,1.2096328502051306
2,0.6674987518721918,1.2104745689059755
3,0.6674987518721918,1.247846219519407
