round_num,accuracy,loss
0,0.6674987518721918,1.563083970064648
1,0.6674987518721918,1.207279292155193
2,0.6674987518721918,1.283008245039867
3,0.6674987518721918,1.377554039745645
