round_num,accuracy,loss
0,0.10284573140289566,1.825519788937752
1,0.6674987518721918,1.2151868830189012
2,0.6674987518721918,1.224075452125614
3,0.6674987518721918,1.2470490153110807
