round_num,accuracy,loss
0,0.0983524712930604,1.9143527861660383
1,0.6674987518721918,1.1772112544036424
2,0.6674987518721918,1.1706767449424198
3,0.6674987518721918,1.177206928737153
