round_num,accuracy,loss
0,0.04193709435846231,2.053467824943531
1,0.6674987518721918,1.2567961647459345
2,0.6674987518721918,1.2259524206012948
3,0.6674987518721918,1.2452292589324745
