round_num,accuracy,loss
0,0.1471,2.3018159690856934
1,0.4008,2.124366556930542
2,0.6644,1.6119957660675048
3,0.773,1.2842183015823365
