round_num,accuracy,loss
0,0.1122,2.3184944076538088
1,0.3778,2.075397085952759
2,0.5445,1.7650220584869385
3,0.6424,1.4348735891342164
