round_num,node_0,node_1,node_2,node_3,node_4,node_5,node_6,node_7,node_8,node_9
1,3.343308687210083,3.3462371826171875,3.342365026473999,3.3522281646728516,3.3369102478027344,3.359020471572876,3.3608896732330322,3.3583178520202637,3.345898151397705,3.345170736312866
2,3.362644672393799,3.3678202629089355,3.349177837371826,3.3546841144561768,3.348149061203003,3.34987735748291,3.3600144386291504,3.3518476486206055,3.3531441688537598,3.3561291694641113
3,3.350281000137329,3.3590760231018066,3.3577022552490234,3.3468098640441895,3.369377613067627,3.3516006469726562,3.3558592796325684,3.3634109497070312,3.3595592975616455,3.3519482612609863
