round_num,node_0,node_1,node_2,node_3,node_4,node_5,node_6,node_7,node_8,node_9
1,3.0769848823547363,3.0827081203460693,3.075686454772949,3.0780105590820312,3.0664117336273193,3.0688090324401855,3.0724387168884277,3.072566032409668,3.0761044025421143,3.0820789337158203
2,3.080925464630127,3.0758800506591797,3.0789382457733154,3.075817346572876,3.079683542251587,3.0783629417419434,3.0761001110076904,3.088456630706787,3.07200026512146,3.077643394470215
3,3.090052604675293,3.0935168266296387,3.0876173973083496,3.075597047805786,3.071821451187134,3.082676649093628,3.0878400802612305,3.074524402618408,3.0718185901641846,3.076775312423706
