round_num,accuracy,loss
0,0.0673,2.354359299468994
1,0.3565,2.039087809753418
2,0.5194,1.6671201280593873
3,0.6311,1.351414178276062
