round_num,accuracy,loss
0,0.1184,2.332989037322998
1,0.5438,1.843510933303833
2,0.7014,1.2834334247589112
3,0.7742,1.063591361808777
