round_num,accuracy,loss
0,0.0965,2.396267864227295
1,0.182,2.315833195877075
2,0.2394,2.3055978302001954
3,0.2964,2.0499485023498534
