round_num,accuracy,loss
0,0.0965,2.3669324069976807
1,0.8612,0.664042897605896
2,0.9469,0.21988209249973298
3,0.961,0.13654281520843506
