round_num,node_0,node_1,node_2,node_3,node_4,node_5,node_6,node_7,node_8,node_9,node_10,node_11,node_12,node_13,node_14
1,3.330829620361328,3.3276662826538086,3.3290092945098877,3.3286068439483643,3.329658031463623,3.332920789718628,3.3294849395751953,3.328988552093506,3.332564353942871,3.3336403369903564,3.3294668197631836,3.3316168785095215,3.3301188945770264,3.3293724060058594,3.3330533504486084
2,3.357414722442627,3.347198963165283,3.34578013420105,3.3474650382995605,3.3488519191741943,3.3520348072052,3.348043441772461,3.349017381668091,3.3436379432678223,3.3488028049468994,3.3524508476257324,3.3493950366973877,3.3452508449554443,3.347332715988159,3.3444454669952393
3,3.356670379638672,3.3540940284729004,3.3563153743743896,3.362027406692505,3.3558359146118164,3.3580942153930664,3.359654664993286,3.3634862899780273,3.3639936447143555,3.3634068965911865,3.3643925189971924,3.3628182411193848,3.3635289669036865,3.3627169132232666,3.3616347312927246
