round_num,accuracy,loss
0,0.1223,2.333113247680664
1,0.8691,0.6677608338356018
2,0.8499,0.41671394052505495
3,0.9303,0.25437309021949767
