round_num,accuracy,loss
0,0.10883674488267599,1.9221651402343467
1,0.1163255117324014,1.7818341345651354
2,0.670993509735397,0.9485277207684529
3,0.6615077383924114,0.9161736289977551
