round_num,accuracy,loss
0,0.6674987518721918,1.5327974989958186
1,0.6674987518721918,1.2621843823182006
2,0.6674987518721918,1.207222628938634
3,0.6674987518721918,1.2421594691526514
