round_num,accuracy,loss
0,0.1471,2.3490213344573974
1,0.5457,1.8171360897064208
2,0.7716,1.1872868112564088
3,0.8157,0.9422961493492127
