round_num,node_0,node_1,node_2,node_3,node_4,node_5,node_6,node_7,node_8,node_9,node_10,node_11,node_12,node_13,node_14,node_15,node_16,node_17,node_18,node_19
1,3.3300209045410156,3.33282732963562,3.331347942352295,3.3287739753723145,3.3259708881378174,3.333059549331665,3.336186170578003,3.334336280822754,3.329719066619873,3.3219876289367676,3.3306500911712646,3.334998846054077,3.3343212604522705,3.3293159008026123,3.332109212875366,3.3281166553497314,3.329557418823242,3.3275668621063232,3.3279643058776855,3.3322060108184814
2,3.329498767852783,3.338989496231079,3.333386182785034,3.3363053798675537,3.3326237201690674,3.333859443664551,3.3283305168151855,3.337794542312622,3.327577590942383,3.337007999420166,3.3404204845428467,3.3312313556671143,3.334435224533081,3.3278961181640625,3.3313729763031006,3.336155891418457,3.332571268081665,3.3345530033111572,3.323594331741333,3.333855152130127
3,3.3363986015319824,3.343276262283325,3.3294663429260254,3.334921360015869,3.331983804702759,3.3377788066864014,3.3335766792297363,3.332728862762451,3.3289177417755127,3.3362271785736084,3.332930326461792,3.3386034965515137,3.3404266834259033,3.337620973587036,3.330697536468506,3.340625762939453,3.328723907470703,3.3413538932800293,3.3374907970428467,3.3430938720703125
