round_num,accuracy,loss
0,0.1086,2.3648902214050294
1,0.4914,1.947686364364624
2,0.7838,1.2420955381393433
3,0.8343,0.9814852542877197
