round_num,node_0,node_1,node_2,node_3,node_4,node_5,node_6,node_7,node_8,node_9,node_10,node_11,node_12,node_13,node_14,node_15,node_16,node_17,node_18,node_19
1,3.2945170402526855,3.2769765853881836,3.278108835220337,3.27707576751709,3.2776668071746826,3.2759246826171875,3.276918649673462,3.273057222366333,3.27907657623291,3.275498867034912,3.2757227420806885,3.2804441452026367,3.2834277153015137,3.268841028213501,3.2759487628936768,3.27661395072937,3.2786169052124023,3.2770016193389893,3.28216552734375,3.2797985076904297
2,3.2809619903564453,3.274721384048462,3.283888339996338,3.2824883460998535,3.280012607574463,3.283139228820801,3.28166127204895,3.2787959575653076,3.2852113246917725,3.2753047943115234,3.2808825969696045,3.2846031188964844,3.271501064300537,3.273033857345581,3.272979974746704,3.286078929901123,3.271451950073242,3.278700351715088,3.2737820148468018,3.2763969898223877
3,3.278257131576538,3.2893853187561035,3.2798659801483154,3.280579090118408,3.283651113510132,3.2762162685394287,3.2736172676086426,3.273955821990967,3.271044969558716,3.2763047218322754,3.2854654788970947,3.277381658554077,3.2749686241149902,3.273169994354248,3.2745208740234375,3.2844090461730957,3.277703285217285,3.2806942462921143,3.265817165374756,3.2828707695007324
