round_num,accuracy,loss
0,0.10883674488267599,2.436137166668401
1,0.6674987518721918,1.1698756113804643
2,0.6674987518721918,1.1868278367246798
3,0.6674987518721918,1.1996665697245377
