round_num,accuracy,loss
0,0.117,2.338788581466675
1,0.6676,1.526366152191162
2,0.7674,1.0739272539138793
3,0.8122,0.8484276598930359
