round_num,accuracy,loss
0,0.0906,2.4072594902038573
1,0.7176,1.4949057180404663
2,0.7909,1.0383678916931152
3,0.8213,0.8356690837860108
