round_num,accuracy,loss
0,0.06340489266100849,2.165619652567657
1,0.0763854218671992,2.0717578465142252
2,0.1018472291562656,1.9503906135016302
3,0.6674987518721918,1.3369940219375411
