round_num,accuracy,loss
0,0.0842,2.402893885040283
1,0.578,1.8159157920837403
2,0.7078,1.194297099494934
3,0.7885,0.9486035335540771
