round_num,node_0,node_1,node_2,node_3,node_4,node_5,node_6,node_7,node_8,node_9,node_10,node_11,node_12,node_13,node_14,node_15,node_16,node_17,node_18,node_19
1,3.4229660034179688,3.415215015411377,3.429278612136841,3.4250447750091553,3.4235897064208984,3.424748659133911,3.4231438636779785,3.424067497253418,3.4205877780914307,3.4253199100494385,3.430513381958008,3.4390227794647217,3.429844379425049,3.4274821281433105,3.422337770462036,3.4172027111053467,3.432352304458618,3.425506114959717,3.4295146465301514,3.4275929927825928
2,3.411938428878784,3.422729969024658,3.43054461479187,3.42153000831604,3.419123888015747,3.4248807430267334,3.424961805343628,3.4226574897766113,3.430607557296753,3.425527811050415,3.427316665649414,3.4362363815307617,3.4297287464141846,3.4220690727233887,3.427337169647217,3.42431902885437,3.4271111488342285,3.4202752113342285,3.422853708267212,3.421444892883301
3,3.4384071826934814,3.4238975048065186,3.4285526275634766,3.4217021465301514,3.4234282970428467,3.4311788082122803,3.428011178970337,3.4276649951934814,3.4174325466156006,3.4178555011749268,3.4264910221099854,3.4176151752471924,3.414916515350342,3.4323787689208984,3.4260149002075195,3.434002637863159,3.422921895980835,3.42785906791687,3.420571804046631,3.4272148609161377
