round_num,accuracy,loss
0,0.0352,2.4033915687561036
1,0.6482,1.7230141344070435
2,0.7656,1.1476098445892333
3,0.8044,0.9304604475975037
