round_num,accuracy,loss
0,0.473290064902646,1.7777938801112678
1,0.6674987518721918,1.2396645734623202
2,0.6674987518721918,1.236978180397765
3,0.6674987518721918,1.275045295328244
