round_num,accuracy,loss
0,0.10883674488267599,1.9097694987603204
1,0.10883674488267599,1.9234418582749617
2,0.10883674488267599,1.9533940647699448
3,0.11582626060908637,1.995090966931713
