round_num,accuracy,loss
0,0.089,2.4422275886535645
1,0.187,2.3681739807128905
2,0.2343,2.3399711097717284
3,0.2873,2.1896382671356203
