round_num,accuracy,loss
0,0.1095,2.4073446060180665
1,0.6596,1.1196840579986573
2,0.7108,0.827576518535614
3,0.7341,0.6959643538475037
