round_num,accuracy,loss
0,0.1118,2.2987726276397704
1,0.6397,1.3243487449645996
2,0.7244,0.9396191384315491
3,0.7676,0.733106820487976
