round_num,accuracy,loss
0,0.0608,2.3941572036743164
1,0.6643,1.3550079454421997
2,0.7188,0.9741039951324463
3,0.7577,0.7797122915267944
