round_num,accuracy,loss
0,0.6674987518721918,1.8997215747952283
1,0.1382925611582626,1.7463479143229355
2,0.599600599101348,0.9935611530773888
3,0.6305541687468796,0.9512558237826652
