round_num,accuracy,loss
0,0.1161,2.331420328903198
1,0.7527,1.5094240678787232
2,0.7959,1.0354567077636718
3,0.7971,0.840514980506897
