round_num,node_0,node_1,node_2,node_3,node_4,node_5,node_6,node_7,node_8,node_9,node_10,node_11,node_12,node_13,node_14
1,3.3334479331970215,3.3523693084716797,3.3437249660491943,3.3448941707611084,3.3421852588653564,3.3212270736694336,3.3547050952911377,3.3517701625823975,3.348587989807129,3.3485965728759766,3.3372228145599365,3.3429248332977295,3.356398344039917,3.33083438873291,3.3342196941375732
2,3.351055860519409,3.351041316986084,3.3256466388702393,3.3553311824798584,3.3444087505340576,3.3494584560394287,3.345196485519409,3.3501906394958496,3.3551414012908936,3.3429462909698486,3.3322913646698,3.343515634536743,3.3565332889556885,3.3516733646392822,3.346924304962158
3,3.373255491256714,3.3389012813568115,3.345266103744507,3.3538930416107178,3.3357486724853516,3.353912830352783,3.347245931625366,3.35955548286438,3.3342816829681396,3.352830171585083,3.318629026412964,3.3432095050811768,3.3489174842834473,3.3527395725250244,3.337153434753418
