round_num,accuracy,loss
0,0.1034,2.358722441101074
1,0.6158,1.555065454673767
2,0.6776,1.1619802949905396
3,0.7142,0.9727602619171143
