round_num,node_0,node_1,node_2,node_3,node_4,node_5,node_6,node_7,node_8,node_9,node_10,node_11,node_12,node_13,node_14
1,3.1106371879577637,3.11763334274292,3.0928447246551514,3.0981979370117188,3.0958378314971924,3.1050565242767334,3.1022369861602783,3.101123809814453,3.099778890609741,3.092041492462158,3.1126928329467773,3.0916411876678467,3.0986087322235107,3.098021984100342,3.1064372062683105
2,3.098973035812378,3.0940701961517334,3.108325958251953,3.090498208999634,3.084263801574707,3.1094043254852295,3.1185624599456787,3.081843614578247,3.1099612712860107,3.1062886714935303,3.089641809463501,3.0887234210968018,3.1118292808532715,3.1199028491973877,3.119598865509033
3,3.1081361770629883,3.101335048675537,3.099919557571411,3.0882813930511475,3.072448253631592,3.0777089595794678,3.094050645828247,3.0770139694213867,3.1062140464782715,3.0988070964813232,3.113659620285034,3.1098477840423584,3.1116464138031006,3.110826015472412,3.104085683822632
