round_num,accuracy,loss
0,0.07139291063404893,1.934103967604254
1,0.6674987518721918,1.5919220339222306
2,0.6674987518721918,1.4209981044411242
3,0.6674987518721918,1.2655616020239775
