round_num,accuracy,loss
0,0.116,2.37035671043396
1,0.574,1.564354581642151
2,0.6863,1.1417760528564453
3,0.7273,0.9355226998329162
