round_num,accuracy,loss
0,0.11133300049925113,1.8784483887229153
1,0.6674987518721918,1.2507582829109265
2,0.6674987518721918,1.2033073679542636
3,0.6674987518721918,1.2466145145018221
