round_num,accuracy,loss
0,0.0817,2.410668804168701
1,0.9197,0.27402897469997406
2,0.983,0.051600336700864134
3,0.9863,0.041590007518883795
