round_num,accuracy,loss
0,0.1279,2.359130554199219
1,0.6631,1.2931042146682739
2,0.7251,0.9169272874832153
3,0.7551,0.741723933506012
