round_num,accuracy,loss
0,0.03344982526210684,1.906277285476833
1,0.6674987518721918,1.2714372438844062
2,0.6674987518721918,1.2578876088157154
3,0.6674987518721918,1.287809273450302
