round_num,node_0,node_1,node_2,node_3,node_4,node_5,node_6,node_7,node_8,node_9
1,3.218122720718384,3.224269151687622,3.204580783843994,3.207115411758423,3.193209409713745,3.2158970832824707,3.2126314640045166,3.213101863861084,3.206738233566284,3.2054169178009033
2,3.220623731613159,3.2232697010040283,3.2140891551971436,3.207759380340576,3.21391224861145,3.212311267852783,3.2128212451934814,3.2141857147216797,3.2032833099365234,3.2171223163604736
3,3.2134199142456055,3.2214906215667725,3.2127130031585693,3.219066619873047,3.2111923694610596,3.2179880142211914,3.2379493713378906,3.2079129219055176,3.2189016342163086,3.214660167694092
