round_num,accuracy,loss
0,0.1271,2.298962464141846
1,0.2106,2.1383433990478515
2,0.5345,1.8575085107803344
3,0.5563,1.603978617477417
