round_num,accuracy,loss
0,0.06789815277084374,1.9233104991008207
1,0.6650024962556166,1.557935652171024
2,0.6674987518721918,1.2180871123143928
3,0.6674987518721918,1.2192370511862973
