round_num,accuracy,loss
0,0.1392,2.3360405445098875
1,0.9081,0.48924009761810305
2,0.957,0.1713919522881508
3,0.9672,0.11627225505113602
