round_num,accuracy,loss
0,0.10833749375936096,2.1812897727183564
1,0.10783824263604593,2.1105261028735445
2,0.1108337493759361,1.9287022433159533
3,0.6674987518721918,1.3090710379276285
