round_num,accuracy,loss
0,0.0337,2.404071152496338
1,0.8134,0.6159248923778534
2,0.9655,0.1087323178961873
3,0.9766,0.0711544677644968
