round_num,node_0,node_1,node_2,node_3,node_4,node_5,node_6,node_7,node_8,node_9,node_10,node_11,node_12,node_13,node_14
1,4.259786605834961,4.222877025604248,3.9400289058685303,3.8666903972625732,4.0379462242126465,4.01307487487793,3.9745280742645264,4.04556941986084,3.8923330307006836,3.973245859146118,3.9613282680511475,3.9600656032562256,3.956190586090088,3.9919044971466064,3.9346747398376465
2,4.427852630615234,4.382875919342041,4.028287410736084,4.144759178161621,4.1079325675964355,4.16467809677124,4.123782634735107,4.1137895584106445,4.113208770751953,4.057411193847656,4.103671550750732,4.110869884490967,4.134479522705078,4.071235656738281,4.121697425842285
3,4.5455732345581055,4.459033489227295,4.27154016494751,4.276031494140625,4.292850971221924,4.343862533569336,4.291030406951904,4.323317527770996,4.40214204788208,4.289817810058594,4.31294059753418,4.2550883293151855,4.292902946472168,4.309022903442383,4.307251930236816
