round_num,accuracy,loss
0,0.1296,2.3477551383972166
1,0.7998,0.6015232177257538
2,0.9636,0.11385356050506235
3,0.9754,0.07126277646645904
