round_num,accuracy,loss
0,0.0995,2.346606073760986
1,0.643,1.4857088661193847
2,0.7285,1.0690519826889038
3,0.7414,0.8822837640762329
