round_num,accuracy,loss
0,0.0865,2.388965556716919
1,0.6165,1.4627465118408203
2,0.6921,1.0882612016677857
3,0.722,0.9142714683532714
