round_num,accuracy,loss
0,0.017473789316025962,1.9261110413985079
1,0.6674987518721918,1.2280536915621516
2,0.6674987518721918,1.2122970651342342
3,0.6674987518721918,1.2300101965591423
