round_num,accuracy,loss
0,0.010484273589615577,2.4676522117106248
1,0.010484273589615577,2.414906844816622
2,0.5481777333999002,1.7244848012329042
3,0.5986020968547179,1.7016314815058449
