round_num,accuracy,loss
0,0.0309535696455317,1.9950439575250543
1,0.6674987518721918,1.228425061768195
2,0.6674987518721918,1.3565407571825931
3,0.6674987518721918,1.4864968032879766
