round_num,node_0,node_1,node_2,node_3,node_4,node_5,node_6,node_7,node_8,node_9
1,3.2112369537353516,3.214958906173706,3.213231325149536,3.2145097255706787,3.210543394088745,3.212395191192627,3.2142679691314697,3.212451219558716,3.2124691009521484,3.2128570079803467
2,3.211272716522217,3.2122902870178223,3.214869976043701,3.2139830589294434,3.212852954864502,3.212489366531372,3.2140867710113525,3.2135767936706543,3.213535785675049,3.21372389793396
3,3.2119991779327393,3.213545560836792,3.2118961811065674,3.2187442779541016,3.212815046310425,3.2128570079803467,3.21362042427063,3.2140402793884277,3.2125587463378906,3.215433359146118
