round_num,accuracy,loss
0,0.010484273589615577,1.9954379494048569
1,0.010484273589615577,1.9789316380434612
2,0.010484273589615577,1.9805480477456385
3,0.010484273589615577,1.9851508842845351
