round_num,accuracy,loss
0,0.1134,2.3246633319854735
1,0.5296,1.8865947347640992
2,0.7267,1.2019217761993408
3,0.7673,1.0004828397750853
