round_num,accuracy,loss
0,0.018971542685971045,1.9474942875813082
1,0.10883674488267599,2.098406467804359
2,0.565152271592611,1.197126438542717
3,0.6819770344483275,0.9003365657892575
