round_num,accuracy,loss
0,0.03344982526210684,2.2389809325880488
1,0.6674987518721918,1.4855110808366307
2,0.6674987518721918,1.2877891308893517
3,0.6674987518721918,1.2380571442131274
