round_num,accuracy,loss
0,0.0913,2.403303606414795
1,0.5097,1.7803406259536743
2,0.6176,1.3494383262634277
3,0.6945,1.0934073364257813
