round_num,accuracy,loss
0,0.1111,2.370248403930664
1,0.9497,0.20771773048639297
2,0.9815,0.05648413795977831
3,0.9864,0.040301491697877646
