round_num,accuracy,loss
0,0.0454,2.407043200302124
1,0.9385,0.23286073021888734
2,0.9835,0.05079598106835038
3,0.9866,0.04094637532364577
