round_num,accuracy,loss
0,0.05341987019470794,1.8598118293779347
1,0.6674987518721918,1.328181430749517
2,0.6674987518721918,1.525013174584551
3,0.6674987518721918,1.7432450309611534
