round_num,accuracy,loss
0,0.07688467299051423,2.002417356147804
1,0.6674987518721918,1.2365485312518512
2,0.6674987518721918,1.1900170995364234
3,0.6674987518721918,1.204294610904326
