round_num,accuracy,loss
0,0.1573,2.4173642219543456
1,0.6762,1.3048086629867555
2,0.7377,0.9043588991165161
3,0.7679,0.7297009602546692
