round_num,accuracy,loss
0,0.5307039440838742,1.7805005179246662
1,0.6674987518721918,1.2065256622750582
2,0.6674987518721918,1.298600582170653
3,0.6674987518721918,1.391127620288508
