round_num,accuracy,loss
0,0.017473789316025962,1.9983417315299785
1,0.6674987518721918,1.204727706882993
2,0.6674987518721918,1.2856875874671232
3,0.6674987518721918,1.37255098774501
