round_num,accuracy,loss
0,0.1513,2.3243576446533205
1,0.8459,0.5846350761413575
2,0.9231,0.24144973452091217
3,0.938,0.20620061284303665
