round_num,accuracy,loss
0,0.0904,2.3906531482696534
1,0.4896,1.8860000061035156
2,0.6671,1.3183433380126952
3,0.7103,1.0912475633621215
