round_num,accuracy,loss
0,0.1209,2.435893503189087
1,0.7261,1.293246633720398
2,0.8069,0.8752614686965943
3,0.8294,0.6858537210464477
