round_num,accuracy,loss
0,0.0985,2.37759077796936
1,0.7501,1.3019328887939454
2,0.8168,0.8797973741531372
3,0.8505,0.6687747275352478
