round_num,node_0,node_1,node_2,node_3,node_4,node_5,node_6,node_7,node_8,node_9
1,3.3972465991973877,3.3700859546661377,3.3943593502044678,3.397369384765625,3.393057107925415,3.3839707374572754,3.40209698677063,3.3959903717041016,3.4040110111236572,3.413133144378662
2,3.4144668579101562,3.423457384109497,3.3710291385650635,3.3745131492614746,3.405618667602539,3.3892362117767334,3.420591115951538,3.4133718013763428,3.3786842823028564,3.384650945663452
3,3.419142007827759,3.3978633880615234,3.383312940597534,3.420898914337158,3.4098551273345947,3.3923146724700928,3.4194483757019043,3.415228843688965,3.3973639011383057,3.4038641452789307
