round_num,accuracy,loss
0,0.1212,2.363349296569824
1,0.7596,1.2812451765060424
2,0.824,0.8700520149230957
3,0.8564,0.6597502159118652
