round_num,accuracy,loss
0,0.010484273589615577,2.019260620749479
1,0.6674987518721918,1.4007429679631591
2,0.6674987518721918,1.5708944817751096
3,0.6674987518721918,1.7530320066841496
