round_num,accuracy,loss
0,0.0508,2.3962349128723144
1,0.4592,2.088492391204834
2,0.7586,1.410193793106079
3,0.8087,1.1073319164276123
