round_num,accuracy,loss
0,0.10883674488267599,1.9334921759483044
1,0.10883674488267599,1.9284290538331716
2,0.564153769345981,1.094531854390503
3,0.6585122316525213,0.9343088034445562
