round_num,accuracy,loss
0,0.2930604093859211,1.9191472516676455
1,0.3230154767848228,1.5685600694631614
2,0.6255616575137294,0.9672429764562408
3,0.6854717923115327,0.9077628038552066
