round_num,node_0,node_1,node_2,node_3,node_4,node_5,node_6,node_7,node_8,node_9
1,3.3546526432037354,3.3786752223968506,3.3654024600982666,3.348284959793091,3.3532769680023193,3.3497989177703857,3.3596906661987305,3.3682358264923096,3.342146396636963,3.368253469467163
2,3.3768599033355713,3.383347749710083,3.3848369121551514,3.3798162937164307,3.3792600631713867,3.385087013244629,3.37913179397583,3.378906488418579,3.3821933269500732,3.381720542907715
3,3.391960859298706,3.393009662628174,3.392871618270874,3.3994898796081543,3.3925466537475586,3.401421070098877,3.3882315158843994,3.3918323516845703,3.3980274200439453,3.393315553665161
