round_num,accuracy,loss
0,0.1202,2.3612899078369143
1,0.5668,1.7531037342071534
2,0.8552,0.5624811071872711
3,0.9436,0.2315874339580536
