round_num,accuracy,loss
0,0.1484,2.4326322677612304
1,0.5962,1.25416047000885
2,0.8065,0.5766968214035034
3,0.7183,0.8822492245197296
