round_num,accuracy,loss
0,0.6674987518721918,1.8968718852987303
1,0.10883674488267599,1.9063049650644577
2,0.10883674488267599,1.9083636436114833
3,0.10883674488267599,1.9139874445100575
