round_num,accuracy,loss
0,0.0984,2.39859538269043
1,0.4985,2.0031995452880857
2,0.6834,1.5427389352798462
3,0.7374,1.2858038663864135
