round_num,accuracy,loss
0,0.1025,2.3982459888458254
1,0.265,2.278156351470947
2,0.3503,1.9499210666656495
3,0.4682,1.7395511407852173
