round_num,accuracy,loss
0,0.1832251622566151,1.710372537895256
1,0.6674987518721918,1.21051011862781
2,0.6674987518721918,1.1732253400730717
3,0.6674987518721918,1.1805996531792657
