round_num,accuracy,loss
0,0.6674987518721918,1.9037385138046485
1,0.05341987019470794,1.9110928586406584
2,0.05341987019470794,2.007734436305594
3,0.07239141288067898,2.0510797977923634
