round_num,accuracy,loss
0,0.010484273589615577,2.3113908740323126
1,0.6674987518721918,1.2223891033509702
2,0.6674987518721918,1.301340163021878
3,0.6674987518721918,1.4227227524585029
