round_num,accuracy,loss
0,0.5506739890164752,1.787542930318306
1,0.6674987518721918,1.2895026887230914
2,0.6674987518721918,1.338346908286519
3,0.6674987518721918,1.3586777459962096
