round_num,accuracy,loss
0,0.1055,2.4184323516845705
1,0.6815,1.1076265117645263
2,0.6999,0.8698812658309937
3,0.7521,0.6591287989139557
