round_num,accuracy,loss
0,0.09585621567648527,1.8828321581058245
1,0.6674987518721918,1.1964050702196445
2,0.6674987518721918,1.1906250330786436
3,0.6674987518721918,1.205113697218645
