round_num,accuracy,loss
0,0.0926,2.3270380714416503
1,0.1879,2.379562753677368
2,0.101,2.611971893310547
3,0.1442,2.52547869682312
