round_num,accuracy,loss
0,0.1267,2.390524394607544
1,0.1883,2.204525023269653
2,0.3537,1.8989284618377686
3,0.6919,1.4797461198806763
