round_num,accuracy,loss
0,0.1032,2.376621746444702
1,0.4192,1.6931342708587647
2,0.7935,0.6790762036323548
3,0.9089,0.302979970407486
