round_num,accuracy,loss
0,0.1168,2.3949011947631837
1,0.551,1.4002244562149049
2,0.9104,0.3255012149333954
3,0.9533,0.15440790154933928
