round_num,accuracy,loss
0,0.0619071392910634,1.9044540395036793
1,0.6340489266100848,1.7560148290914115
2,0.6674987518721918,1.1818874761930895
3,0.6674987518721918,1.1809147533570536
