round_num,accuracy,loss
0,0.03344982526210684,2.165318475267141
1,0.6674987518721918,1.2353133964824248
2,0.6674987518721918,1.3912207469664035
3,0.6674987518721918,1.5339732863459061
