round_num,accuracy,loss
0,0.10883674488267599,1.929894100828166
1,0.6674987518721918,1.4832130608056344
2,0.6674987518721918,1.2521320131499947
3,0.6674987518721918,1.2059334601037097
