round_num,node_0,node_1,node_2,node_3,node_4,node_5,node_6,node_7,node_8,node_9
1,3.516955614089966,3.1238555908203125,3.1238555908203125,3.1238555908203125,3.1238555908203125,3.1238555908203125,3.1238555908203125,3.1238555908203125,3.1238555908203125,3.6910879611968994
2,3.1269350051879883,3.1269350051879883,3.1269350051879883,3.1269350051879883,3.1269350051879883,3.1269350051879883,3.1269350051879883,3.763932466506958,3.1269350051879883,3.503448247909546
3,3.1838603019714355,3.499706506729126,3.1838603019714355,3.1838603019714355,3.1838603019714355,3.1838603019714355,3.56112003326416,3.1838603019714355,3.1838603019714355,3.1838603019714355
