round_num,accuracy,loss
0,0.1106,2.376097310256958
1,0.1223,2.3051655376434326
2,0.2209,2.327196705627441
3,0.1035,2.2846138786315917
