round_num,accuracy,loss
0,0.10084872690963555,2.2632352789223225
1,0.6674987518721918,1.2668508572157062
2,0.6674987518721918,1.4135700845147037
3,0.6674987518721918,1.5611466525854376
