round_num,accuracy,loss
0,0.1497,2.3260123931884764
1,0.4878,1.8845250003814698
2,0.5425,1.3436544347763062
3,0.6442,1.0174493000030518
