round_num,accuracy,loss
0,0.03344982526210684,2.2118743024227085
1,0.6674987518721918,1.2336041179229424
2,0.6674987518721918,1.3840559141908475
3,0.6674987518721918,1.5408732976189745
