round_num,accuracy,loss
0,0.010484273589615577,1.9353368054969395
1,0.2276585122316525,1.9225289317529557
2,0.6669995007488767,1.9176990796016327
3,0.6674987518721918,1.913374521169315
