round_num,accuracy,loss
0,0.653020469296056,1.7476888910508788
1,0.6674987518721918,1.2068890815845323
2,0.6674987518721918,1.182872618845684
3,0.6674987518721918,1.1844106710260651
