round_num,accuracy,loss
0,0.1002,2.38370248374939
1,0.8198,0.9939148760795593
2,0.8466,0.6309201882362365
3,0.8781,0.45723552670478823
