round_num,node_0,node_1,node_2,node_3,node_4,node_5,node_6,node_7,node_8,node_9
1,3.1789560317993164,3.1802053451538086,3.1796207427978516,3.1782448291778564,3.1815905570983887,3.179920196533203,3.1794803142547607,3.1802773475646973,3.179983615875244,3.1798126697540283
2,3.180882453918457,3.181705951690674,3.179745674133301,3.1790835857391357,3.178926706314087,3.1798696517944336,3.179748296737671,3.1804566383361816,3.180115222930908,3.179351329803467
3,3.179778575897217,3.179393768310547,3.180331230163574,3.1798336505889893,3.179954767227173,3.1801702976226807,3.179929733276367,3.180529832839966,3.180152416229248,3.1798198223114014
