round_num,accuracy,loss
0,0.0526,2.346590107727051
1,0.2164,2.142252640533447
2,0.4663,1.829773819541931
3,0.6427,1.482080983543396
