round_num,accuracy,loss
0,0.0804,2.398131679534912
1,0.8947,0.6063952640533448
2,0.9542,0.18518599286079407
3,0.9671,0.11967145040631294
