round_num,accuracy,loss
0,0.03344982526210684,1.8997759936871197
1,0.6674987518721918,1.1797006390895834
2,0.6674987518721918,1.2172826529739502
3,0.6674987518721918,1.266333922260235
