round_num,accuracy,loss
0,0.1638,2.356618169403076
1,0.7573,1.0491068111419677
2,0.8524,0.6263207981586456
3,0.8848,0.4452170653343201
