round_num,accuracy,loss
0,0.0454318522216675,2.5031259580070353
1,0.12780828756864704,1.8011561416710726
2,0.6674987518721918,1.5400316406950854
3,0.6674987518721918,1.3875336956513624
