round_num,accuracy,loss
0,0.1032,2.390418908691406
1,0.2973,2.071342706680298
2,0.5955,1.6456793914794923
3,0.6434,1.3522042642593384
