round_num,accuracy,loss
0,0.1141,2.4091966663360598
1,0.2308,2.1159706871032715
2,0.6184,1.746909348487854
3,0.6274,1.4326191514968871
