round_num,node_0,node_1,node_2,node_3,node_4,node_5,node_6,node_7,node_8,node_9
1,3.268956184387207,3.2546565532684326,3.2681503295898438,3.2544562816619873,3.2904155254364014,3.256688356399536,3.250727653503418,3.2737796306610107,3.2921485900878906,3.263904094696045
2,3.2559449672698975,3.2704238891601562,3.274245500564575,3.272989511489868,3.287909984588623,3.272205114364624,3.273792266845703,3.271536350250244,3.278728723526001,3.2595701217651367
3,3.2802932262420654,3.2703490257263184,3.2714948654174805,3.27289080619812,3.281643867492676,3.261009454727173,3.281121253967285,3.312049627304077,3.2671570777893066,3.2818992137908936
