round_num,accuracy,loss
0,0.0946,2.352692552947998
1,0.4288,2.026057325744629
2,0.5712,1.6762419038772582
3,0.666,1.3728883241653442
