round_num,accuracy,loss
0,0.08986520219670495,1.7282999055241561
1,0.6674987518721918,1.18356121425562
2,0.6674987518721918,1.2012176715726561
3,0.6674987518721918,1.2507235520610913
