round_num,accuracy,loss
0,0.10634048926610085,1.8905441604491418
1,0.6674987518721918,1.2206571171180165
2,0.6674987518721918,1.1865267428944721
3,0.6674987518721918,1.2303624451904374
