round_num,accuracy,loss
0,0.10634048926610085,1.8617281579280935
1,0.6674987518721918,1.1942623881655696
2,0.6674987518721918,1.2633198874031253
3,0.6674987518721918,1.3453826147261347
