round_num,accuracy,loss
0,0.026460309535696454,2.0414615348762593
1,0.6674987518721918,1.3306477581686933
2,0.6674987518721918,1.1628054217344752
3,0.6674987518721918,1.1633345050866521
