round_num,accuracy,loss
0,0.03344982526210684,1.935761074929373
1,0.6674987518721918,1.8329833109141944
2,0.22616075886170744,1.8480360127661863
3,0.05341987019470794,1.888228866974235
