round_num,node_0,node_1,node_2,node_3,node_4,node_5,node_6,node_7,node_8,node_9
1,3.273813486099243,3.2731919288635254,3.272235155105591,3.2760262489318848,3.275144577026367,3.2720401287078857,3.2734391689300537,3.265930652618408,3.271784543991089,3.2758090496063232
2,3.274205446243286,3.279045343399048,3.2805676460266113,3.2685444355010986,3.278557062149048,3.271468162536621,3.2794535160064697,3.271535873413086,3.2778990268707275,3.277979612350464
3,3.2816379070281982,3.266373872756958,3.2746872901916504,3.278897285461426,3.278231620788574,3.280155897140503,3.274346113204956,3.2765541076660156,3.27994704246521,3.2893898487091064
