round_num,node_0,node_1,node_2,node_3,node_4,node_5,node_6,node_7,node_8,node_9
1,3.205927610397339,3.2095513343811035,3.207357406616211,3.1990468502044678,3.194453477859497,3.2064363956451416,3.2082014083862305,3.211280345916748,3.2095534801483154,3.2017364501953125
2,3.2090468406677246,3.2096364498138428,3.21742582321167,3.2018277645111084,3.195890188217163,3.211442470550537,3.2024505138397217,3.206925630569458,3.1999526023864746,3.2053983211517334
3,3.2063329219818115,3.2159557342529297,3.2128098011016846,3.2031819820404053,3.209904670715332,3.209627389907837,3.2121007442474365,3.197894334793091,3.2103307247161865,3.2082905769348145
