round_num,accuracy,loss
0,0.1419,2.419873809814453
1,0.3215,2.0815597038269043
2,0.4816,1.7653517108917236
3,0.6623,1.4194131170272828
