round_num,accuracy,loss
0,0.127,2.353808009719849
1,0.6688,1.1278589563369752
2,0.7294,0.7656735175132752
3,0.7486,0.6855865900993348
