round_num,accuracy,loss
0,0.0977,2.461829535293579
1,0.7857,1.2662938961029053
2,0.8511,0.8306655398368835
3,0.8663,0.63065465965271
