round_num,node_0,node_1,node_2,node_3,node_4,node_5,node_6,node_7,node_8,node_9
1,3.1217024326324463,3.1249606609344482,3.1365511417388916,3.127664804458618,3.129199504852295,3.1248183250427246,3.1376278400421143,3.113807201385498,3.128385066986084,3.1352014541625977
2,3.1247873306274414,3.1198692321777344,3.1377203464508057,3.1241602897644043,3.1211318969726562,3.122307777404785,3.1287734508514404,3.1286110877990723,3.1256229877471924,3.128347396850586
3,3.136072874069214,3.1302123069763184,3.1333563327789307,3.112757921218872,3.1238462924957275,3.1248674392700195,3.120650291442871,3.129246711730957,3.131615400314331,3.1281051635742188
