round_num,accuracy,loss
0,0.03344982526210684,1.9559645540286943
1,0.010484273589615577,1.9798757905550617
2,0.10933599600599102,2.0654742121994047
3,0.12331502745881179,1.9782165265119023
