round_num,accuracy,loss
0,0.0976,2.349551578903198
1,0.3211,2.051585698699951
2,0.5013,1.731257898902893
3,0.6589,1.4147120475769044
