round_num,accuracy,loss
0,0.036944583125312035,2.0198511938065575
1,0.6674987518721918,1.192679683268219
2,0.6674987518721918,1.1909845899297664
3,0.6674987518721918,1.1898316233025987
