round_num,accuracy,loss
0,0.0788,2.4961782634735106
1,0.8383,0.9363190256118774
2,0.8709,0.551587883424759
3,0.9013,0.37710837392807006
