round_num,node_0,node_1,node_2,node_3,node_4
1,3.2783167362213135,3.2719645500183105,3.271212100982666,3.276353120803833,3.284320592880249
2,3.284306287765503,3.285275459289551,3.2555501461029053,3.274648904800415,3.28106427192688
3,3.26029372215271,3.261359691619873,3.275892496109009,3.2826459407806396,3.2570321559906006
