round_num,accuracy,loss
0,0.05341987019470794,2.000131193780923
1,0.10883674488267599,2.300754064449476
2,0.1672491263105342,1.8125271200240998
3,0.6465302046929605,0.986162668427883
