round_num,accuracy,loss
0,0.1014,2.4273453174591064
1,0.142,2.292666077041626
2,0.2604,2.1483066143035887
3,0.3948,1.9860502988815307
