round_num,accuracy,loss
0,0.10883674488267599,1.9781086612688084
1,0.6674987518721918,1.2115943436020324
2,0.6674987518721918,1.1976815141919728
3,0.6674987518721918,1.2210648152093797
