round_num,accuracy,loss
0,0.1507,2.3676030570983886
1,0.5553,1.7319256200790405
2,0.6845,1.2638769325256347
3,0.7288,1.0137875841140747
