round_num,accuracy,loss
0,0.0786,2.3666906772613525
1,0.463,1.7992587902069093
2,0.6681,1.259101589202881
3,0.7174,1.0222361336708068
