round_num,node_0,node_1,node_2,node_3,node_4,node_5,node_6,node_7,node_8,node_9,node_10,node_11,node_12,node_13,node_14,node_15,node_16,node_17,node_18,node_19
1,3.23285174369812,3.230215549468994,3.214433431625366,3.232288122177124,3.2343711853027344,3.2179157733917236,3.2249178886413574,3.221513509750366,3.214817762374878,3.222594738006592,3.21860671043396,3.230225086212158,3.216418504714966,3.2182235717773438,3.2239997386932373,3.227696657180786,3.2245426177978516,3.2225160598754883,3.2298645973205566,3.228459119796753
2,3.2180635929107666,3.228632688522339,3.231661319732666,3.220184326171875,3.233643054962158,3.2157094478607178,3.2315943241119385,3.2242209911346436,3.220447301864624,3.2170071601867676,3.235989570617676,3.222755193710327,3.2244114875793457,3.2291340827941895,3.2178988456726074,3.226119041442871,3.223768711090088,3.2232589721679688,3.215059518814087,3.2238497734069824
3,3.219863176345825,3.216953992843628,3.232789993286133,3.2154879570007324,3.2170376777648926,3.2191054821014404,3.2263705730438232,3.222966432571411,3.2229669094085693,3.2171711921691895,3.2274253368377686,3.2203242778778076,3.230057954788208,3.2119882106781006,3.226125717163086,3.228713035583496,3.2243175506591797,3.228708505630493,3.2342689037323,3.2210893630981445
