round_num,accuracy,loss
0,0.036944583125312035,1.9135172265919815
1,0.048427358961557664,1.9029251992910787
2,0.6200698951572641,1.8025707750396613
3,0.6525212181727409,1.7807144716389467
