round_num,accuracy,loss
0,0.017473789316025962,2.1847174918717047
1,0.6674987518721918,1.4549384875947455
2,0.6674987518721918,1.2548200009884503
3,0.6674987518721918,1.214268721524799
