round_num,node_0,node_1,node_2,node_3,node_4,node_5,node_6,node_7,node_8,node_9,node_10,node_11,node_12,node_13,node_14,node_15,node_16,node_17,node_18,node_19,node_20,node_21,node_22,node_23,node_24,node_25,node_26,node_27,node_28,node_29
1,3.2376155853271484,3.238128185272217,3.2379367351531982,3.23814058303833,3.2379660606384277,3.237844705581665,3.2381956577301025,3.2376508712768555,3.2382259368896484,3.2382028102874756,3.238248586654663,3.2375807762145996,3.2380807399749756,3.2386438846588135,3.2381675243377686,3.2380669116973877,3.237971067428589,3.238046884536743,3.238093614578247,3.237940549850464,3.2378530502319336,3.237983465194702,3.237983226776123,3.237948179244995,3.237971305847168,3.2379343509674072,3.2379090785980225,3.237952470779419,3.238003969192505,3.2381112575531006
2,3.2369167804718018,3.238217830657959,3.2380948066711426,3.2386467456817627,3.2378478050231934,3.237764835357666,3.2381434440612793,3.2380318641662598,3.238091230392456,3.238105535507202,3.2383527755737305,3.2380526065826416,3.238079786300659,3.2384605407714844,3.238206386566162,3.2381539344787598,3.2379698753356934,3.238072633743286,3.238095998764038,3.2380754947662354,3.2378766536712646,3.238023281097412,3.237947940826416,3.2378382682800293,3.2380826473236084,3.2379677295684814,3.237990379333496,3.2381114959716797,3.2379345893859863,3.238217353820801
3,3.237330675125122,3.2383832931518555,3.23799991607666,3.238339900970459,3.237534523010254,3.2379374504089355,3.237891435623169,3.237868070602417,3.2380712032318115,3.2379534244537354,3.2381672859191895,3.2384941577911377,3.237542152404785,3.238485813140869,3.23836612701416,3.2381787300109863,3.2379660606384277,3.2380049228668213,3.2381491661071777,3.2379558086395264,3.23795223236084,3.238022804260254,3.237894058227539,3.2379069328308105,3.2380995750427246,3.2379961013793945,3.237851858139038,3.2379658222198486,3.2378833293914795,3.23820161819458
