round_num,node_0,node_1,node_2,node_3,node_4
1,3.2443714141845703,3.258242607116699,3.2505733966827393,3.2507522106170654,3.255847454071045
2,3.274827480316162,3.257805109024048,3.2486398220062256,3.2742154598236084,3.282712697982788
3,3.268676519393921,3.2703676223754883,3.2620255947113037,3.2709951400756836,3.2620716094970703
