round_num,accuracy,loss
0,0.1042,2.376846434020996
1,0.6382,1.1042602130889894
2,0.703,0.8202802638053894
3,0.7496,0.625229298877716
