round_num,accuracy,loss
0,0.1071,2.433192507171631
1,0.6709,1.0769401401519776
2,0.7366,0.7506371632575989
3,0.7893,0.5668247432708741
