round_num,accuracy,loss
0,0.1408,2.380589995956421
1,0.3333,2.0720891960144043
2,0.5892,1.6846068878173828
3,0.6846,1.4301313707351684
