round_num,accuracy,loss
0,0.1189,2.377394102859497
1,0.296,2.049078755569458
2,0.5987,1.6877232154846191
3,0.6568,1.3554484994888305
