round_num,node_0,node_1,node_2,node_3,node_4,node_5,node_6,node_7,node_8,node_9
1,3.386800527572632,3.3925256729125977,3.3744752407073975,3.3764312267303467,3.3805575370788574,3.3853907585144043,3.3813323974609375,3.3774220943450928,3.377955436706543,3.368513822555542
2,3.3684730529785156,3.385333299636841,3.3866360187530518,3.3704187870025635,3.380640983581543,3.3892722129821777,3.389679431915283,3.3779776096343994,3.3795881271362305,3.38259220123291
3,3.382446527481079,3.384986400604248,3.3849868774414062,3.384995222091675,3.399252414703369,3.3856184482574463,3.3858089447021484,3.3812248706817627,3.3796169757843018,3.3925814628601074
