round_num,accuracy,loss
0,0.0822,2.3764687698364257
1,0.4276,2.002393684387207
2,0.6214,1.6331547080993651
3,0.6955,1.313304944038391
