round_num,node_0,node_1,node_2,node_3,node_4,node_5,node_6,node_7,node_8,node_9
1,3.3167691230773926,3.312145471572876,3.302905559539795,3.310107707977295,3.308724880218506,3.300135850906372,3.3152759075164795,3.324883460998535,3.3054206371307373,3.295032024383545
2,3.3179702758789062,3.327040195465088,3.308136224746704,3.305548906326294,3.3052926063537598,3.3119659423828125,3.3151438236236572,3.3147945404052734,3.3211803436279297,3.317706346511841
3,3.3064064979553223,3.3193600177764893,3.3227078914642334,3.3141016960144043,3.3127224445343018,3.312828540802002,3.3202216625213623,3.3150477409362793,3.3052806854248047,3.316358804702759
