round_num,accuracy,loss
0,0.1125,2.3383322792053223
1,0.6832,1.2701980554580687
2,0.7359,0.8938546844482422
3,0.7688,0.7115424852371216
