round_num,accuracy,loss
0,0.05741387918122816,2.0602543784925715
1,0.6674987518721918,1.1849289015419056
2,0.6674987518721918,1.1982433029370967
3,0.6674987518721918,1.1864033225650379
