round_num,accuracy,loss
0,0.0935,2.3565417697906494
1,0.3627,1.901723545074463
2,0.6498,1.4191745666503905
3,0.7005,1.1891630838394165
