round_num,accuracy,loss
0,0.0671,2.3874307006835935
1,0.1129,2.4374327709198
2,0.1432,2.38113200340271
3,0.261,2.3744318794250487
