round_num,accuracy,loss
0,0.0822,2.3778701431274416
1,0.6862,1.0750626420974732
2,0.7374,0.765778290939331
3,0.7558,0.6609890256881714
