round_num,node_0,node_1,node_2,node_3,node_4
1,3.2593917846679688,3.2579586505889893,3.2476978302001953,3.270871639251709,3.2546868324279785
2,3.2552602291107178,3.2586724758148193,3.251445770263672,3.250309467315674,3.249681234359741
3,3.2786314487457275,3.2693943977355957,3.2478718757629395,3.240865468978882,3.243318557739258
