round_num,accuracy,loss
0,0.6669995007488767,1.6870334282316568
1,0.6674987518721918,1.2885423948094659
2,0.6674987518721918,1.2375069988767802
3,0.6674987518721918,1.2381308973281906
