round_num,accuracy,loss
0,0.03344982526210684,2.207116036193703
1,0.6674987518721918,1.223498419232209
2,0.6674987518721918,1.2777189783495304
3,0.6674987518721918,1.3420807202339649
