round_num,accuracy,loss
0,0.1181,2.3987775524139403
1,0.3043,2.154217024230957
2,0.49,1.904067398071289
3,0.6039,1.661154874420166
