round_num,node_0,node_1,node_2,node_3,node_4,node_5,node_6,node_7,node_8,node_9
1,3.21802020072937,3.2232837677001953,3.2343010902404785,3.2142114639282227,3.228372573852539,3.2207372188568115,3.217414140701294,3.1949357986450195,3.1881799697875977,3.2195870876312256
2,3.2238729000091553,3.228916645050049,3.2700064182281494,3.2299816608428955,3.214383840560913,3.2114932537078857,3.2208104133605957,3.2252769470214844,3.209197998046875,3.2074317932128906
3,3.2475695610046387,3.2129368782043457,3.232853412628174,3.2344448566436768,3.2053744792938232,3.224738836288452,3.253389358520508,3.2263526916503906,3.240610361099243,3.2313730716705322
