round_num,node_0,node_1,node_2,node_3,node_4,node_5,node_6,node_7,node_8,node_9
1,3.2965471744537354,3.297759771347046,3.305877685546875,3.2830073833465576,3.2709946632385254,3.292109727859497,3.2962889671325684,3.295819044113159,3.275651693344116,3.3044612407684326
2,3.2935357093811035,3.2825942039489746,3.2801735401153564,3.291980266571045,3.3060038089752197,3.295253038406372,3.282050371170044,3.300360918045044,3.271106481552124,3.3048617839813232
3,3.293637752532959,3.2999486923217773,3.275080442428589,3.3003242015838623,3.3174545764923096,3.2919514179229736,3.3089942932128906,3.3058927059173584,3.29939603805542,3.3122057914733887
