round_num,accuracy,loss
0,0.112,2.4061609687805174
1,0.3226,2.1292994327545167
2,0.4914,1.8342655771255494
3,0.6172,1.5550822071075439
