round_num,accuracy,loss
0,0.1008,2.448335860824585
1,0.1669,2.490167231750488
2,0.1842,2.43216575050354
3,0.1077,2.3395564094543455
