round_num,accuracy,loss
0,0.0883,2.456941905975342
1,0.5146,1.8072054258346557
2,0.6092,1.2902866914749145
3,0.692,1.0525563870429993
