round_num,accuracy,loss
0,0.0811,2.4043035957336425
1,0.5024,1.7667911113739014
2,0.629,1.345541710472107
3,0.6906,1.0905901447296142
