round_num,node_0,node_1,node_2,node_3,node_4,node_5,node_6,node_7,node_8,node_9,node_10,node_11,node_12,node_13,node_14,node_15,node_16,node_17,node_18,node_19
1,3.2032599449157715,3.2052040100097656,3.201458692550659,3.2046971321105957,3.2077744007110596,3.2094805240631104,3.200509786605835,3.206265926361084,3.2115578651428223,3.2088398933410645,3.2011282444000244,3.204789876937866,3.209357976913452,3.2062742710113525,3.202820301055908,3.2039177417755127,3.195420742034912,3.206209421157837,3.210395336151123,3.200465440750122
2,3.2054758071899414,3.2159364223480225,3.2063512802124023,3.209376573562622,3.207728624343872,3.20619797706604,3.2029635906219482,3.206754684448242,3.2043466567993164,3.2041776180267334,3.2019920349121094,3.1995129585266113,3.204406261444092,3.2042665481567383,3.21342134475708,3.204047203063965,3.211717128753662,3.2066946029663086,3.2133872509002686,3.210066795349121
3,3.204037666320801,3.2105894088745117,3.2084238529205322,3.210275173187256,3.2051000595092773,3.2045273780822754,3.208632230758667,3.2106478214263916,3.2023937702178955,3.2072319984436035,3.210513114929199,3.21036958694458,3.2139503955841064,3.215878486633301,3.2100870609283447,3.203860282897949,3.204833507537842,3.2016780376434326,3.2103686332702637,3.208543539047241
