round_num,accuracy,loss
0,0.0803,2.3553291774749754
1,0.7154,1.477483969116211
2,0.8115,1.0326935274124145
3,0.8514,0.7963018587112427
