round_num,accuracy,loss
0,0.03944083874188717,2.342193412471282
1,0.6674987518721918,1.2512487358768405
2,0.6674987518721918,1.2690569323655432
3,0.6674987518721918,1.3182397754383992
