round_num,accuracy,loss
0,0.020968547179231155,1.9733649682117829
1,0.6674987518721918,1.232087752132254
2,0.6674987518721918,1.2079066282144737
3,0.6674987518721918,1.221307022418014
