round_num,accuracy,loss
0,0.0982,2.339512070465088
1,0.4819,1.9294420763015747
2,0.7595,1.2961436725616455
3,0.8048,1.031052801322937
