round_num,node_0,node_1,node_2,node_3,node_4,node_5,node_6,node_7,node_8,node_9,node_10,node_11,node_12,node_13,node_14,node_15,node_16,node_17,node_18,node_19
1,3.3455300331115723,3.3384246826171875,3.333712577819824,3.3331518173217773,3.3352975845336914,3.3265466690063477,3.32655668258667,3.328456163406372,3.3284246921539307,3.3292057514190674,3.332489252090454,3.3311607837677,3.3200113773345947,3.325387477874756,3.328361749649048,3.329810857772827,3.3403263092041016,3.3312666416168213,3.3393020629882812,3.3285887241363525
2,3.320075750350952,3.336247682571411,3.340381145477295,3.3426594734191895,3.3388254642486572,3.3181281089782715,3.328718423843384,3.3262064456939697,3.3291146755218506,3.337618112564087,3.3343963623046875,3.332991123199463,3.3239665031433105,3.3308191299438477,3.327408790588379,3.3273608684539795,3.329493284225464,3.3341257572174072,3.334596633911133,3.335707664489746
3,3.331195592880249,3.3568875789642334,3.3195364475250244,3.3364362716674805,3.340672492980957,3.3264291286468506,3.3229613304138184,3.323406219482422,3.3289811611175537,3.3354949951171875,3.332994222640991,3.3360934257507324,3.3326549530029297,3.332406759262085,3.3324685096740723,3.3288137912750244,3.32814884185791,3.333172082901001,3.3387298583984375,3.32183837890625
