round_num,accuracy,loss
0,0.1119,2.321167042160034
1,0.4879,1.7999545454025268
2,0.752,1.2267087261199952
3,0.8106,0.9656991768836976
