round_num,accuracy,loss
0,0.04892661008487269,1.927521239800627
1,0.6674987518721918,1.2186594408152405
2,0.6674987518721918,1.166829908066729
3,0.6674987518721918,1.1647216672606904
