round_num,accuracy,loss
0,0.0725,2.3777867321014403
1,0.7469,1.3311591501235962
2,0.8198,0.8997942667007446
3,0.8493,0.6830466464042664
