round_num,node_0,node_1,node_2,node_3,node_4,node_5,node_6,node_7,node_8,node_9
1,3.3015286922454834,3.307305335998535,3.3062636852264404,3.323719024658203,3.3103201389312744,3.3054463863372803,3.348646402359009,3.3222038745880127,3.319169282913208,3.3061039447784424
2,3.3204505443573,3.3248648643493652,3.329434633255005,3.3179898262023926,3.3218023777008057,3.3133480548858643,3.299595594406128,3.29565167427063,3.319439172744751,3.3163352012634277
3,3.296708822250366,3.298264741897583,3.3297808170318604,3.311946392059326,3.3079116344451904,3.323394536972046,3.3394553661346436,3.3336234092712402,3.340616226196289,3.3223061561584473
