round_num,accuracy,loss
0,0.1005,2.4036852558135986
1,0.0892,2.4440691345214844
2,0.11,2.4669277664184572
3,0.116,2.5208112586975098
