round_num,accuracy,loss
0,0.03344982526210684,2.1261520976134674
1,0.6674987518721918,1.1976099647525782
2,0.6674987518721918,1.2776257410920744
3,0.6674987518721918,1.376813937114348
