round_num,accuracy,loss
0,0.0987,2.3560582138061523
1,0.6737,1.0427186305999756
2,0.7481,0.7225455669879913
3,0.7915,0.5708564049243927
