round_num,accuracy,loss
0,0.017473789316025962,1.9765550343917717
1,0.10883674488267599,2.0920698223742495
2,0.11532700948577135,1.9826039846575505
3,0.2166749875187219,1.7510267274711826
