round_num,accuracy,loss
0,0.102,2.3958101917266847
1,0.2886,2.273094170379639
2,0.3421,2.1512254329681397
3,0.3619,2.0490923137664794
