round_num,accuracy,loss
0,0.1017,2.356658058166504
1,0.4033,1.9183971004486084
2,0.5656,1.478833045578003
3,0.6607,1.2486459297180177
