round_num,accuracy,loss
0,0.05341987019470794,2.1864411621407993
1,0.6674987518721918,1.1641521819876959
2,0.6674987518721918,1.1865976159714249
3,0.6674987518721918,1.1981124364014453
