round_num,accuracy,loss
0,0.27508736894658015,1.81059548328712
1,0.6674987518721918,1.3798748645791994
2,0.6674987518721918,1.24018902494142
3,0.6674987518721918,1.220087656365355
