round_num,accuracy,loss
0,0.5322016974538193,1.7815766789826286
1,0.6669995007488767,1.6184677122476039
2,0.6674987518721918,1.2701055385801
3,0.6674987518721918,1.2045565856675535
