round_num,accuracy,loss
0,0.032451323015476784,1.9214634010331129
1,0.6674987518721918,1.2361265280457419
2,0.6674987518721918,1.3015851414447657
3,0.6674987518721918,1.3386446488123802
