round_num,accuracy,loss
0,0.03344982526210684,1.8931900860366975
1,0.6674987518721918,1.2419762847070033
2,0.6674987518721918,1.21291037446192
3,0.6674987518721918,1.2237224553860966
