round_num,accuracy,loss
0,0.0752,2.35635982131958
1,0.6597,1.6258447225570678
2,0.7948,1.1162927251815795
3,0.8272,0.8731046641349792
