round_num,accuracy,loss
0,0.08886669995007489,2.151582173210826
1,0.6674987518721918,1.1888348314682364
2,0.6674987518721918,1.1927797486052416
3,0.6674987518721918,1.2137628938338785
