round_num,node_0,node_1,node_2,node_3,node_4,node_5,node_6,node_7,node_8,node_9
1,3.085568904876709,3.085568904876709,3.085568904876709,3.085568904876709,3.0838210582733154,3.085568904876709,3.081728219985962,3.085568904876709,3.085568904876709,3.085568904876709
2,3.084841251373291,3.081106424331665,3.084841251373291,3.084841251373291,3.084841251373291,3.0946924686431885,3.084841251373291,3.084841251373291,3.084841251373291,3.084841251373291
3,3.087608575820923,3.085142135620117,3.085142135620117,3.085142135620117,3.085142135620117,3.0952420234680176,3.085142135620117,3.085142135620117,3.085142135620117,3.085142135620117
