round_num,accuracy,loss
0,0.1135,2.400799859237671
1,0.5956,1.279244193840027
2,0.9421,0.19185467665195466
3,0.9685,0.10014131891727447
