round_num,accuracy,loss
0,0.132,2.3571745750427247
1,0.6353,1.0133925209999084
2,0.9529,0.15782460878491403
3,0.968,0.09517839924618601
