round_num,accuracy,loss
0,0.017473789316025962,2.0194863756477863
1,0.6674987518721918,1.179607342376271
2,0.6674987518721918,1.2238874136657638
3,0.6674987518721918,1.2838686122872862
