round_num,accuracy,loss
0,0.0507,2.401743576812744
1,0.1033,2.5284048091888427
2,0.1347,2.436217516708374
3,0.1008,2.526583170700073
