round_num,accuracy,loss
0,0.01797304043934099,1.7057286133720944
1,0.6674987518721918,1.4144721342454358
2,0.6674987518721918,1.285413808067977
3,0.6674987518721918,1.208608877402928
