round_num,accuracy,loss
0,0.017473789316025962,1.9276311454687247
1,0.10883674488267599,1.9019380269262474
2,0.10883674488267599,1.9269244531006797
3,0.11782326510234647,1.9944950681415963
