round_num,accuracy,loss
0,0.6500249625561657,1.6676564080323568
1,0.6674987518721918,1.2604913156864588
2,0.6674987518721918,1.2014538252347717
3,0.6674987518721918,1.2264657579418188
