round_num,accuracy,loss
0,0.02695956065901148,2.4891877014876247
1,0.6674987518721918,1.2579164040784983
2,0.6674987518721918,1.386316130890944
3,0.6674987518721918,1.5936892433161742
