round_num,accuracy,loss
0,0.06490264603095357,2.2558317011853664
1,0.06440339490763854,2.2439299998614293
2,0.06090863704443335,2.079330988306435
3,0.05891163255117324,2.0441327040277595
