round_num,accuracy,loss
0,0.1017,2.4433117309570314
1,0.1168,2.30720390663147
2,0.1597,2.1666835262298583
3,0.3362,2.083175758934021
