round_num,accuracy,loss
0,0.034448327508736894,2.173314480679189
1,0.6674987518721918,1.2703025280625833
2,0.6674987518721918,1.3336317815961567
3,0.6674987518721918,1.4178249486612786
