round_num,accuracy,loss
0,0.6674987518721918,1.5828043466440391
1,0.6674987518721918,1.2579340194382194
2,0.6674987518721918,1.3194081420846064
3,0.6674987518721918,1.3738216512273445
