round_num,accuracy,loss
0,0.0995,2.396185615158081
1,0.6389,1.2962871711730957
2,0.722,0.9069846918106079
3,0.7544,0.7228023602485657
