round_num,node_0,node_1,node_2,node_3,node_4,node_5,node_6,node_7,node_8,node_9
1,3.400538444519043,3.39559268951416,3.390401840209961,3.389291763305664,3.391657590866089,3.4163191318511963,3.3949661254882812,3.3942110538482666,3.3954575061798096,3.3992128372192383
2,3.396367311477661,3.3944032192230225,3.399214267730713,3.399592161178589,3.391082525253296,3.397325277328491,3.4008851051330566,3.3990719318389893,3.4061667919158936,3.4009671211242676
3,3.3937737941741943,3.4098827838897705,3.39703631401062,3.390979290008545,3.3987250328063965,3.3983213901519775,3.393338441848755,3.403691053390503,3.394463062286377,3.4007153511047363
