round_num,accuracy,loss
0,0.1596,2.2899312755584718
1,0.2314,2.0439616817474366
2,0.5953,1.248950534439087
3,0.7493,0.7307596837997437
