round_num,accuracy,loss
0,0.042436345481777334,1.861851808730805
1,0.19620569146280578,1.7593805638778466
2,0.6674987518721918,1.2095195139519763
3,0.6674987518721918,1.2341034662943748
