round_num,accuracy,loss
0,0.5676485272091862,1.7821125195613219
1,0.6674987518721918,1.222594141394748
2,0.6674987518721918,1.2890990207746393
3,0.6674987518721918,1.3494035719158766
