round_num,accuracy,loss
0,0.1009,2.3525963500976563
1,0.4156,1.9347337594985963
2,0.5941,1.551436651802063
3,0.6774,1.2545531713485718
