round_num,accuracy,loss
0,0.07788317523714429,1.9172784863741947
1,0.3969046430354468,1.8164470634398553
2,0.6674987518721918,1.1995011078853102
3,0.6674987518721918,1.2563361859119242
