round_num,accuracy,loss
0,0.1263,2.3613836864471436
1,0.2908,2.1411167636871338
2,0.4277,1.906044820022583
3,0.502,1.6796153640747071
