round_num,accuracy,loss
0,0.112,2.333604021835327
1,0.4124,2.010664203262329
2,0.6204,1.3103806203842163
3,0.835,0.8273050079345703
