round_num,accuracy,loss
0,0.0763854218671992,2.054286033703694
1,0.6674987518721918,1.3003562240081612
2,0.6674987518721918,1.3885592539430676
3,0.6674987518721918,1.461527012076547
