round_num,accuracy,loss
0,0.1054,2.419650745010376
1,0.6589,1.1971101839065552
2,0.6923,0.8898849921226502
3,0.7466,0.6814564033031464
