round_num,accuracy,loss
0,0.018472291562656017,2.2129924174731097
1,0.024463305042436344,2.1809759325702607
2,0.024463305042436344,2.173860079279198
3,0.02496255616575137,2.167774922241881
