round_num,accuracy,loss
0,0.098,2.37475712890625
1,0.1281,2.3837807804107665
2,0.1234,2.5756089069366457
3,0.098,2.741411103057861
