round_num,accuracy,loss
0,0.1141,2.379355123138428
1,0.6647,1.3394973190307617
2,0.7124,0.9436680603027344
3,0.7462,0.7597305961608887
