round_num,accuracy,loss
0,0.10883674488267599,1.9289454226486693
1,0.10883674488267599,1.902233573060838
2,0.10883674488267599,1.9047866298506038
3,0.10883674488267599,1.9609660350020623
