round_num,accuracy,loss
0,0.0977,2.3483705936431885
1,0.6249,1.412124619102478
2,0.7026,0.980295458984375
3,0.7402,0.7915182125091553
