round_num,node_0,node_1,node_2,node_3,node_4,node_5,node_6,node_7,node_8,node_9,node_10,node_11,node_12,node_13,node_14,node_15,node_16,node_17,node_18,node_19
1,3.239744186401367,3.2615675926208496,3.2274413108825684,3.2423834800720215,3.2387020587921143,3.220521926879883,3.236436605453491,3.2520971298217773,3.2460882663726807,3.253203868865967,3.2456400394439697,3.2526094913482666,3.251230478286743,3.2400691509246826,3.238098382949829,3.2586545944213867,3.239579916000366,3.225672960281372,3.2585244178771973,3.23486590385437
2,3.264073371887207,3.251068353652954,3.2560524940490723,3.2405946254730225,3.2405335903167725,3.246596574783325,3.224342107772827,3.253169536590576,3.2378990650177,3.2499547004699707,3.239835023880005,3.263615369796753,3.24916672706604,3.2552456855773926,3.2419846057891846,3.2611477375030518,3.2362327575683594,3.2448625564575195,3.254948377609253,3.2378432750701904
3,3.2432878017425537,3.2530555725097656,3.250880241394043,3.25512433052063,3.230401039123535,3.2617316246032715,3.2336573600769043,3.257136106491089,3.252382516860962,3.2466554641723633,3.25469708442688,3.2505574226379395,3.2562673091888428,3.2628800868988037,3.258704900741577,3.254871129989624,3.2648978233337402,3.2492587566375732,3.257187843322754,3.2604894638061523
