round_num,accuracy,loss
0,0.1654,2.3045903907775878
1,0.4503,1.893862052154541
2,0.7447,1.245717472267151
3,0.7907,0.9936559913635253
