round_num,accuracy,loss
0,0.10883674488267599,1.9257448499820498
1,0.5052421367948078,1.894314225947208
2,0.10883674488267599,1.9060642455615702
3,0.10883674488267599,1.9416210470470976
