round_num,accuracy,loss
0,0.0822,2.3425787384033203
1,0.6769,1.759480586051941
2,0.7315,1.224025804901123
3,0.7746,1.0008599219322205
