round_num,accuracy,loss
0,0.05341987019470794,1.904792303689051
1,0.24113829256115826,1.702647394974471
2,0.6674987518721918,1.5856104350006706
3,0.6674987518721918,1.5582016226177624
