round_num,accuracy,loss
0,0.010484273589615577,1.9598307573253728
1,0.6674987518721918,1.1670990477962846
2,0.6674987518721918,1.1907118298206338
3,0.6674987518721918,1.1925113994481262
