round_num,accuracy,loss
0,0.09236145781328008,1.8914020725089316
1,0.6674987518721918,1.640487415279916
2,0.6674987518721918,1.2249107250736406
3,0.6674987518721918,1.188780829362493
