round_num,accuracy,loss
0,0.098,2.362446047973633
1,0.5529,1.4894890495300293
2,0.8993,0.3612910794496536
3,0.9519,0.16004387618303298
