round_num,accuracy,loss
0,0.10883674488267599,2.0072586961347225
1,0.10883674488267599,1.9254073238468028
2,0.6674987518721918,1.2256373755049836
3,0.6674987518721918,1.1715904162695452
