round_num,accuracy,loss
0,0.0748,2.4063680099487303
1,0.6298,1.6353852802276612
2,0.6888,1.2155846324920654
3,0.7205,1.004628031539917
