round_num,accuracy,loss
0,0.09785322016974538,2.1213728970905215
1,0.6674987518721918,1.1785475072179863
2,0.6674987518721918,1.1864593445629819
3,0.6674987518721918,1.18039239794983
