round_num,accuracy,loss
0,0.06590114827758363,2.2884780892835397
1,0.6674987518721918,1.2316515693293175
2,0.6674987518721918,1.3165896575390192
3,0.6674987518721918,1.385424270548942
