round_num,accuracy,loss
0,0.016974538192710935,2.263696170960196
1,0.6674987518721918,1.2061886685643266
2,0.6674987518721918,1.2695878303711616
3,0.6674987518721918,1.3404650246269751
