round_num,accuracy,loss
0,0.03594608087868198,2.425995432015246
1,0.6674987518721918,1.3202912719977002
2,0.6674987518721918,1.4995825223427561
3,0.6674987518721918,1.6884283941505078
