round_num,accuracy,loss
0,0.1026,2.3419262687683107
1,0.8242,0.9222859697341919
2,0.8786,0.5423373133659363
3,0.9052,0.3674513419866562
