round_num,accuracy,loss
0,0.0394,2.405742556762695
1,0.8266,0.8814010464668274
2,0.8784,0.5207644828796387
3,0.9059,0.3607800111293793
