round_num,accuracy,loss
0,0.1116,2.294974235153198
1,0.5851,1.38637887134552
2,0.6892,0.9907350374221802
3,0.7202,0.822496213722229
