round_num,accuracy,loss
0,0.1171,2.2946147258758547
1,0.6169,1.3752430416107178
2,0.6717,1.080974402999878
3,0.695,0.9425833847045898
