round_num,accuracy,loss
0,0.017473789316025962,2.2499188638840444
1,0.6674987518721918,1.2048088860880775
2,0.6674987518721918,1.218566536457016
3,0.6674987518721918,1.2253240764408901
