round_num,accuracy,loss
0,0.0863,2.379961842727661
1,0.6734,1.3248637588500976
2,0.7301,0.9402493396759033
3,0.7552,0.7512886046409607
