round_num,node_0,node_1,node_2,node_3,node_4,node_5,node_6,node_7,node_8,node_9
1,3.3976852893829346,3.379887819290161,3.4134578704833984,3.3902387619018555,3.3997879028320312,3.394801139831543,3.4115304946899414,3.386854410171509,3.39033842086792,3.3932955265045166
2,3.3771979808807373,3.38580060005188,3.403794288635254,3.3879830837249756,3.390186309814453,3.385162353515625,3.3979756832122803,3.417046308517456,3.3931102752685547,3.3784120082855225
3,3.3973259925842285,3.4096498489379883,3.376588821411133,3.4071550369262695,3.406182289123535,3.401193380355835,3.4063374996185303,3.396880626678467,3.3827388286590576,3.4005937576293945
