round_num,accuracy,loss
0,0.1137,2.418456787109375
1,0.7619,1.2985836757659912
2,0.8334,0.8803733646392822
3,0.862,0.6539237151145935
