round_num,accuracy,loss
0,0.0789,2.331637364959717
1,0.7501,1.2747698726654053
2,0.843,0.8529373790740967
3,0.8682,0.6388662073135376
