round_num,accuracy,loss
0,0.10883674488267599,2.0412882968180783
1,0.10883674488267599,1.9863906341734614
2,0.10883674488267599,1.830053445165656
3,0.10883674488267599,1.6592069050102787
