round_num,accuracy,loss
0,0.1046,2.3466134689331053
1,0.101,2.7830437858581543
2,0.1396,2.5177904903411865
3,0.1781,2.232232999420166
