round_num,accuracy,loss
0,0.0749,2.352293999862671
1,0.6838,1.5452970300674438
2,0.8088,1.0935493947982788
3,0.8334,0.8600067957878113
