round_num,accuracy,loss
0,0.1004,2.408836640548706
1,0.6938,1.5751175420761108
2,0.8237,1.059312515449524
3,0.8537,0.8077471788406372
