round_num,accuracy,loss
0,0.6635047428856715,1.6863740884954193
1,0.6674987518721918,1.630431004779909
2,0.6674987518721918,1.5129531031540495
3,0.6674987518721918,1.4909902977693457
