round_num,accuracy,loss
0,0.1225,2.372346427536011
1,0.1956,2.2361570167541505
2,0.2934,2.0720414432525636
3,0.4184,1.8876579452514648
