round_num,accuracy,loss
0,0.0596,2.391277765274048
1,0.2065,2.214233185958862
2,0.4952,1.9391667964935302
3,0.5468,1.7003803462982179
