round_num,accuracy,loss
0,0.05341987019470794,2.2147611357602726
1,0.05341987019470794,2.000085974834707
2,0.05341987019470794,1.972529332874658
3,0.05391912131802296,1.8829567917453844
