round_num,accuracy,loss
0,0.010484273589615577,2.3121690041889145
1,0.010484273589615577,2.30218483124503
2,0.017473789316025962,2.1167608591775804
3,0.044932601098352475,1.9870688415323563
