round_num,accuracy,loss
0,0.0428,2.3579810844421387
1,0.597,1.7499471252441405
2,0.7101,1.2091198531150817
3,0.75,1.0064326261520387
