round_num,accuracy,loss
0,0.1016,2.3596327499389647
1,0.5076,1.8346268228530884
2,0.6673,1.4006519887924194
3,0.7119,1.1730287921905518
