round_num,accuracy,loss
0,0.0987,2.4215925327301027
1,0.5978,1.571511904144287
2,0.6764,1.1542360863685608
3,0.7131,0.9475869445800781
