round_num,accuracy,loss
0,0.0407,2.441533857727051
1,0.6064,1.5219894710540771
2,0.7113,1.0803394355773925
3,0.7439,0.8761002976417541
