round_num,accuracy,loss
0,0.0708,2.324806225967407
1,0.6398,1.3334914697647096
2,0.6873,0.973126185131073
3,0.7274,0.7974258706092835
