round_num,node_0,node_1,node_2,node_3,node_4,node_5,node_6,node_7,node_8,node_9
1,3.0689218044281006,3.050208806991577,3.0508759021759033,3.057562828063965,3.061183452606201,3.052947998046875,3.047671318054199,3.064528703689575,3.065666675567627,3.059601068496704
2,3.0487287044525146,3.054598808288574,3.057050943374634,3.071823835372925,3.0649983882904053,3.058429718017578,3.046184539794922,3.058490514755249,3.062735080718994,3.0610008239746094
3,3.0501139163970947,3.057332992553711,3.0507633686065674,3.0475003719329834,3.0586464405059814,3.0583291053771973,3.0462968349456787,3.062624931335449,3.067002773284912,3.0607831478118896
