round_num,accuracy,loss
0,0.017473789316025962,2.189664034145925
1,0.6674987518721918,1.3277253357696344
2,0.6674987518721918,1.2237321493688726
3,0.6674987518721918,1.2040547305681797
