round_num,accuracy,loss
0,0.0869,2.336799021911621
1,0.15,2.2281155326843263
2,0.1329,2.156960517883301
3,0.2397,2.1798249320983887
