round_num,node_0,node_1,node_2,node_3,node_4,node_5,node_6,node_7,node_8,node_9
1,4.218896865844727,4.140735626220703,4.293525218963623,4.239913463592529,4.267611503601074,4.331364154815674,4.210836410522461,4.094491958618164,3.9992740154266357,4.242580890655518
2,4.207312107086182,4.233735084533691,4.289660930633545,4.381194114685059,4.336149215698242,4.19448709487915,4.150839328765869,4.270366668701172,4.260189533233643,4.236396789550781
3,4.475388050079346,4.5900702476501465,4.568564414978027,4.5360941886901855,4.443289279937744,4.425584316253662,4.46168327331543,4.435659408569336,4.452320575714111,4.601010322570801
