round_num,accuracy,loss
0,0.1236,2.377415827178955
1,0.7181,0.9399143426895141
2,0.9295,0.24106979823112487
3,0.9606,0.12797701730430125
