round_num,accuracy,loss
0,0.6674987518721918,1.8986894106543546
1,0.11283075386919621,1.9373445269231848
2,0.6220668996505242,1.023691555885928
3,0.6645032451323015,0.9630298335672437
