round_num,accuracy,loss
0,0.1161,2.3514201400756836
1,0.2819,2.0308617515563965
2,0.5773,1.528605702972412
3,0.6586,1.2793464905738832
