round_num,accuracy,loss
0,0.127,2.4252168102264404
1,0.5259,1.7250419116973876
2,0.4461,1.5715645351409913
3,0.7897,0.7760704126358032
