round_num,accuracy,loss
0,0.07738392411382926,1.9368548824140803
1,0.6674987518721918,1.1661635706023579
2,0.6674987518721918,1.1701798390818428
3,0.6674987518721918,1.1829151086847722
