round_num,accuracy,loss
0,0.0999,2.4397499961853026
1,0.6528,1.1632888515472413
2,0.8509,0.6234252012252808
3,0.8916,0.4316344656229019
