round_num,accuracy,loss
0,0.045,2.3935329319000243
1,0.7305,1.094305581665039
2,0.8685,0.5840578773498535
3,0.8971,0.4081670125484467
