round_num,accuracy,loss
0,0.0286,2.4004184047698973
1,0.7338,0.9031507256507874
2,0.8548,0.39978836623430253
3,0.8521,0.37322497305870056
