round_num,node_0,node_1,node_2,node_3,node_4,node_5,node_6,node_7,node_8,node_9,node_10,node_11,node_12,node_13,node_14
1,3.9637198448181152,4.044212341308594,3.9600207805633545,4.090415000915527,3.8526902198791504,4.0373921394348145,3.9160070419311523,4.03806209564209,4.051712989807129,3.8803768157958984,4.018736362457275,3.9510085582733154,4.1052937507629395,4.203847885131836,3.9917168617248535
2,4.04895544052124,4.079234600067139,4.068477630615234,4.092411518096924,4.051612854003906,4.028180122375488,4.0464324951171875,4.0885233879089355,4.094592094421387,4.128693580627441,4.108948230743408,4.110501766204834,4.066643714904785,4.145169258117676,4.154368877410889
3,4.25067138671875,4.223195552825928,4.311343669891357,4.222062110900879,4.269338130950928,4.236082077026367,4.256868362426758,4.261157035827637,4.294615268707275,4.191161155700684,4.2603759765625,4.363818645477295,4.294620990753174,4.272831439971924,4.273096561431885
