round_num,accuracy,loss
0,0.10883674488267599,2.005110347562591
1,0.6674987518721918,1.2531652338672625
2,0.6674987518721918,1.393956342400519
3,0.6674987518721918,1.5728009668398784
