round_num,accuracy,loss
0,0.05341987019470794,2.0848595888925323
1,0.6674987518721918,1.3960658181505208
2,0.6674987518721918,1.2582205634562302
3,0.6674987518721918,1.2509342421904481
