round_num,accuracy,loss
0,0.6635047428856715,1.7164545631741976
1,0.6674987518721918,1.2631933999787672
2,0.6674987518721918,1.3359929323196411
3,0.6674987518721918,1.4171848200704238
