round_num,accuracy,loss
0,0.1023,2.3835671405792236
1,0.8456,0.8489669562339782
2,0.8836,0.5093479305267334
3,0.9076,0.3506148006439209
