round_num,accuracy,loss
0,0.1435,2.3565182537078857
1,0.8239,0.9137778699874878
2,0.8574,0.5680717602729798
3,0.8926,0.39920487494468687
