round_num,accuracy,loss
0,0.0501,2.4311388942718506
1,0.2741,2.0299734466552732
2,0.526,1.6991158058166504
3,0.6176,1.456714866065979
