round_num,accuracy,loss
0,0.10883674488267599,1.9778263831936116
1,0.11183225162256615,1.8153833546045717
2,0.5831253120319521,1.0711216447475964
3,0.6645032451323015,0.9301542605511022
