round_num,node_0,node_1,node_2,node_3,node_4,node_5,node_6,node_7,node_8,node_9,node_10,node_11,node_12,node_13,node_14,node_15,node_16,node_17,node_18,node_19
1,3.3675076961517334,3.3691773414611816,3.366750955581665,3.3674442768096924,3.3674490451812744,3.365891695022583,3.3673322200775146,3.3681788444519043,3.3655378818511963,3.368192672729492,3.3662781715393066,3.3666326999664307,3.3668837547302246,3.365305185317993,3.3667726516723633,3.3672685623168945,3.3661487102508545,3.368654251098633,3.368532419204712,3.366365671157837
2,3.3673715591430664,3.3688502311706543,3.3677334785461426,3.3691251277923584,3.3682971000671387,3.365664005279541,3.3676280975341797,3.3662588596343994,3.365168809890747,3.3677546977996826,3.366490364074707,3.367553234100342,3.3651957511901855,3.3669493198394775,3.3673107624053955,3.36659574508667,3.365715503692627,3.3704543113708496,3.368551254272461,3.3661162853240967
3,3.3681788444519043,3.3657894134521484,3.368124008178711,3.3689122200012207,3.365201473236084,3.367037534713745,3.3684940338134766,3.3646607398986816,3.3631184101104736,3.366558074951172,3.368487596511841,3.368312120437622,3.3660848140716553,3.366481304168701,3.3693509101867676,3.3663761615753174,3.367138147354126,3.369098663330078,3.3664584159851074,3.366953134536743
