round_num,accuracy,loss
0,0.2955566650024963,1.806782016144713
1,0.6674987518721918,1.1596777171893413
2,0.6674987518721918,1.188686760496748
3,0.6674987518721918,1.1938506390413997
