round_num,accuracy,loss
0,0.017473789316025962,2.0572327040340443
1,0.6674987518721918,1.1833496366925556
2,0.6674987518721918,1.2055235841663492
3,0.6674987518721918,1.2429411104186083
