round_num,accuracy,loss
0,0.052421367948077884,2.3051326151079854
1,0.6674987518721918,1.246820586476395
2,0.6674987518721918,1.1872656592951378
3,0.6674987518721918,1.1888604295057352
