round_num,accuracy,loss
0,0.09385921118322517,1.8169807385517487
1,0.6674987518721918,1.2688705356372219
2,0.6674987518721918,1.199816125455762
3,0.6674987518721918,1.196822828789443
