round_num,accuracy,loss
0,0.10134797803295058,2.1206207914585717
1,0.6674987518721918,1.1624491501021135
2,0.6674987518721918,1.1721540482652466
3,0.6674987518721918,1.1551026825421582
