round_num,accuracy,loss
0,0.010484273589615577,2.0106596070650036
1,0.05341987019470794,1.959032097579358
2,0.11233150274588118,1.975232699723227
3,0.11133300049925113,1.9651771557075168
