round_num,accuracy,loss
0,0.0508,2.3327908641815185
1,0.3257,2.113417191696167
2,0.6971,1.5030087408065795
3,0.7657,1.1985801404953003
