round_num,accuracy,loss
0,0.1209,2.3403026733398438
1,0.3977,2.0919887798309325
2,0.4608,1.8396185035705566
3,0.5937,1.6166306173324585
