round_num,accuracy,loss
0,0.0674,2.394522984695435
1,0.7959,1.008076075744629
2,0.8432,0.6374610994815827
3,0.8713,0.4717937418460846
