round_num,node_0,node_1,node_2,node_3,node_4
1,3.289212465286255,3.308330535888672,3.2693097591400146,3.2576472759246826,3.293590545654297
2,3.2725892066955566,3.310232639312744,3.2898244857788086,3.3216753005981445,3.288269281387329
3,3.2878949642181396,3.298549175262451,3.307945966720581,3.299001932144165,3.299370765686035
