round_num,accuracy,loss
0,0.1189,2.3923432949066163
1,0.7913,0.9808796088218689
2,0.8411,0.6334794565200805
3,0.8728,0.46059676179885867
