round_num,node_0,node_1,node_2,node_3,node_4,node_5,node_6,node_7,node_8,node_9,node_10,node_11,node_12,node_13,node_14,node_15,node_16,node_17,node_18,node_19
1,3.419374465942383,3.4145264625549316,3.4228644371032715,3.4283077716827393,3.421978712081909,3.423764705657959,3.421708822250366,3.4200456142425537,3.417337656021118,3.4221649169921875,3.420004367828369,3.42221999168396,3.418365478515625,3.420527458190918,3.422802209854126,3.42161226272583,3.4241230487823486,3.4232213497161865,3.4283182621002197,3.426896333694458
2,3.419525623321533,3.4175455570220947,3.427654981613159,3.419142723083496,3.4167098999023438,3.4251294136047363,3.4265220165252686,3.4180259704589844,3.42651104927063,3.4274489879608154,3.424177408218384,3.421175718307495,3.4253196716308594,3.4191737174987793,3.424588680267334,3.4232890605926514,3.422765016555786,3.4184730052948,3.4220328330993652,3.4238500595092773
3,3.4192938804626465,3.432405948638916,3.421276092529297,3.4146997928619385,3.423004388809204,3.423543930053711,3.420288324356079,3.418820381164551,3.4218151569366455,3.418299436569214,3.424722909927368,3.426354169845581,3.426227569580078,3.4253904819488525,3.4223949909210205,3.4248907566070557,3.4248788356781006,3.422417640686035,3.422435760498047,3.4222404956817627
