round_num,accuracy,loss
0,0.0519,2.377010397338867
1,0.4597,1.881265526008606
2,0.7579,1.2773012058258058
3,0.8095,1.0108044548988342
