round_num,accuracy,loss
0,0.0769,2.385212449645996
1,0.4414,2.0165212059021
2,0.7499,1.4406895654678344
3,0.7904,1.1637574823379517
