round_num,accuracy,loss
0,0.0923,2.365427041244507
1,0.1716,2.2299365924835204
2,0.2892,2.1428536937713623
3,0.4149,1.9087877777099609
