round_num,node_0,node_1,node_2,node_3,node_4,node_5,node_6,node_7,node_8,node_9,node_10,node_11,node_12,node_13,node_14
1,3.263828992843628,3.203136682510376,3.2667760848999023,3.255220413208008,3.2473948001861572,3.2422146797180176,3.239107847213745,3.2459871768951416,3.2282018661499023,3.267110586166382,3.2513339519500732,3.2360680103302,3.239839553833008,3.236043930053711,3.222590208053589
2,3.2316479682922363,3.254884958267212,3.2412736415863037,3.22904109954834,3.2630133628845215,3.267784833908081,3.240705728530884,3.2424352169036865,3.2383029460906982,3.2728025913238525,3.2500317096710205,3.2584197521209717,3.223179578781128,3.252328395843506,3.240607738494873
3,3.246454954147339,3.2540087699890137,3.21956729888916,3.2572596073150635,3.2459373474121094,3.2687652111053467,3.2420737743377686,3.2592036724090576,3.2488815784454346,3.238070011138916,3.2331204414367676,3.2396631240844727,3.261263370513916,3.243457317352295,3.243626832962036
