round_num,accuracy,loss
0,0.0844,2.5167211540222167
1,0.6181,1.5413599613189697
2,0.7032,1.1025084358215331
3,0.7406,0.8762576894760132
