round_num,node_0,node_1,node_2,node_3,node_4
1,3.248056650161743,3.2447643280029297,3.2627451419830322,3.2686069011688232,3.2542359828948975
2,3.256871223449707,3.25425386428833,3.257901668548584,3.272571086883545,3.2558658123016357
3,3.2550125122070312,3.265157699584961,3.244551658630371,3.2511374950408936,3.256249189376831
