round_num,accuracy,loss
0,0.1206,2.3014974601745606
1,0.816,0.9526908707618713
2,0.8611,0.5717944647789002
3,0.8858,0.4197204039573669
