round_num,accuracy,loss
0,0.118,2.382601872253418
1,0.153,2.460666114807129
2,0.0922,2.532052386856079
3,0.0892,2.5610445121765135
