round_num,accuracy,loss
0,0.112,2.318297810745239
1,0.3916,1.9611242403030396
2,0.6579,1.4818659940719605
3,0.6976,1.2476741146087647
