round_num,accuracy,loss
0,0.0655,2.3690643241882325
1,0.4713,1.8975797033309936
2,0.6407,1.4152256128311158
3,0.672,1.1867617872238159
