round_num,accuracy,loss
0,0.094,2.3850116832733153
1,0.1175,2.290570750427246
2,0.2763,2.162203544616699
3,0.302,1.9876391948699952
