round_num,accuracy,loss
0,0.090863704443335,1.8313854615568104
1,0.6674987518721918,1.293683568358838
2,0.6674987518721918,1.2445526930372892
3,0.6674987518721918,1.254602650850937
