round_num,accuracy,loss
0,0.1083,2.3612459327697755
1,0.165,2.477480237579346
2,0.3717,2.0202553115844726
3,0.4928,1.468321982574463
