round_num,accuracy,loss
0,0.1031,2.3182030490875243
1,0.4228,1.8573338567733764
2,0.652,1.3421383865356444
3,0.6994,1.1174397289276123
