round_num,accuracy,loss
0,0.6674987518721918,1.8971953519391704
1,0.10983524712930604,1.8102473418711427
2,0.5501747378931603,1.071906188756778
3,0.6105841238142786,0.9637069433138957
