round_num,node_0,node_1,node_2,node_3,node_4,node_5,node_6,node_7,node_8,node_9
1,3.3248751163482666,3.3292360305786133,3.3279898166656494,3.329360008239746,3.3310327529907227,3.330594539642334,3.324910879135132,3.327279806137085,3.324523448944092,3.3298585414886475
2,3.323446035385132,3.326061248779297,3.3248791694641113,3.326002359390259,3.3258252143859863,3.3267011642456055,3.3266897201538086,3.325974702835083,3.325695037841797,3.3271982669830322
3,3.3252978324890137,3.3268158435821533,3.327829599380493,3.326615333557129,3.3257663249969482,3.327434539794922,3.3260583877563477,3.3290443420410156,3.326788902282715,3.328169345855713
