round_num,node_0,node_1,node_2,node_3,node_4,node_5,node_6,node_7,node_8,node_9
1,3.3432435989379883,3.3386266231536865,3.3404366970062256,3.334594964981079,3.330552101135254,3.330622673034668,3.3377573490142822,3.3265912532806396,3.3337604999542236,3.3357160091400146
2,3.332366704940796,3.3367252349853516,3.333214521408081,3.338174819946289,3.336634397506714,3.34480357170105,3.3370001316070557,3.3312747478485107,3.3264503479003906,3.336074113845825
3,3.3310835361480713,3.3368914127349854,3.3264336585998535,3.339067220687866,3.3351101875305176,3.3364293575286865,3.331728458404541,3.3342082500457764,3.3368473052978516,3.3377416133880615
