round_num,accuracy,loss
0,0.0731,2.4268823627471923
1,0.71,1.2120868770599365
2,0.7555,0.8351268122673035
3,0.7761,0.6792397896766662
