round_num,accuracy,loss
0,0.116,2.2892180351257325
1,0.6667,1.0984880855560302
2,0.7082,0.8658312182426453
3,0.7368,0.731764324092865
