round_num,accuracy,loss
0,0.0995,2.37738547706604
1,0.6159,1.372578991317749
2,0.6818,1.014746382331848
3,0.7385,0.8078080332756042
