round_num,node_0,node_1,node_2,node_3,node_4,node_5,node_6,node_7,node_8,node_9
1,3.2286434173583984,3.240326166152954,3.24182391166687,3.2387137413024902,3.249429702758789,3.2373945713043213,3.218754768371582,3.246579885482788,3.259538412094116,3.2288644313812256
2,3.2148938179016113,3.244004011154175,3.231570243835449,3.232081174850464,3.2556190490722656,3.25364089012146,3.220332622528076,3.228557586669922,3.2411067485809326,3.2194812297821045
3,3.239703893661499,3.2383384704589844,3.2481226921081543,3.2245922088623047,3.218824625015259,3.212249994277954,3.23246431350708,3.215677499771118,3.2564384937286377,3.2380154132843018
