round_num,accuracy,loss
0,0.10883674488267599,1.9591069876760825
1,0.10883674488267599,1.9864520440384916
2,0.10883674488267599,2.0486994333643347
3,0.10883674488267599,1.9840810533410242
