round_num,accuracy,loss
0,0.1128,2.353267741775513
1,0.6543,1.7551812971115113
2,0.6887,1.2097387420654298
3,0.7628,0.9923151391983033
