round_num,accuracy,loss
0,0.05341987019470794,2.0493609990945054
1,0.6674987518721918,1.6559377487337834
2,0.6674987518721918,1.4710757256863538
3,0.6674987518721918,1.2329612589453793
