round_num,accuracy,loss
0,0.1135,2.44788685836792
1,0.6961,1.143679863166809
2,0.803,0.5125693599700928
3,0.8849,0.35196950397491455
