round_num,accuracy,loss
0,0.08287568647029456,1.860294572484535
1,0.6674987518721918,1.25055893176922
2,0.6674987518721918,1.3659410694362042
3,0.6674987518721918,1.506098477559511
