round_num,accuracy,loss
0,0.07139291063404893,1.8292002854678135
1,0.6674987518721918,1.2014981629071209
2,0.6674987518721918,1.2780749762706975
3,0.6674987518721918,1.337040341918134
