round_num,accuracy,loss
0,0.1138,2.3513281311035157
1,0.6747,0.917988519191742
2,0.962,0.12328060220777988
3,0.9777,0.07214765241593123
