round_num,accuracy,loss
0,0.0995,2.3236801055908205
1,0.8647,0.5344803538322449
2,0.9666,0.10487661260664463
3,0.9777,0.06483447917066515
