round_num,node_0,node_1,node_2,node_3,node_4,node_5,node_6,node_7,node_8,node_9
1,3.325421094894409,3.3180575370788574,3.3286378383636475,3.317556619644165,3.3266215324401855,3.3227384090423584,3.3331234455108643,3.3209919929504395,3.326718807220459,3.3144354820251465
2,3.321340322494507,3.329723596572876,3.3304011821746826,3.326508045196533,3.327948570251465,3.339444875717163,3.320582389831543,3.3173093795776367,3.3274104595184326,3.3252503871917725
3,3.3360798358917236,3.3228864669799805,3.3181376457214355,3.3294572830200195,3.3172574043273926,3.317152500152588,3.3120851516723633,3.32730770111084,3.33963680267334,3.3170347213745117
