round_num,accuracy,loss
0,0.0904,2.3458922676086424
1,0.6696,1.273620506477356
2,0.7404,0.8869943391799927
3,0.7807,0.6961165316581726
