round_num,accuracy,loss
0,0.03394907638542187,2.0460345834359726
1,0.6674987518721918,1.2313521183316731
2,0.6674987518721918,1.3466579782564045
3,0.6674987518721918,1.449556982136344
