round_num,node_0,node_1,node_2,node_3,node_4,node_5,node_6,node_7,node_8,node_9
1,3.280306339263916,3.293578863143921,3.2608344554901123,3.274160623550415,3.2722017765045166,3.2670605182647705,3.2608344554901123,3.2608344554901123,3.2608344554901123,3.2608344554901123
2,3.288717269897461,3.2686262130737305,3.2686262130737305,3.296739101409912,3.2897915840148926,3.2937755584716797,3.2686262130737305,3.2686262130737305,3.2686262130737305,3.2870848178863525
3,3.2939612865448,3.298492670059204,3.278597831726074,3.3048458099365234,3.297011613845825,3.278597831726074,3.278597831726074,3.278597831726074,3.278597831726074,3.296876907348633
