round_num,accuracy,loss
0,0.112,2.3773740020751952
1,0.314,2.3238717586517335
2,0.5334,1.4876065217971801
3,0.8005,0.754274802684784
