round_num,accuracy,loss
0,0.0919,2.3802938903808593
1,0.7538,0.7858274322509765
2,0.7637,0.6127611208915711
3,0.6146,1.2144636310577392
