round_num,accuracy,loss
0,0.034448327508736894,2.194021245805966
1,0.6674987518721918,1.2090274444295357
2,0.6674987518721918,1.2118331074000477
3,0.6674987518721918,1.2335520369138828
