round_num,accuracy,loss
0,0.1046,2.3731772331237795
1,0.4142,1.855825567626953
2,0.6869,1.275221314430237
3,0.7508,1.0290194860458375
