round_num,accuracy,loss
0,0.0726,2.398182173156738
1,0.5844,1.697356916809082
2,0.6708,1.2663633277893067
3,0.7285,1.0303078145980835
