round_num,node_0,node_1,node_2,node_3,node_4,node_5,node_6,node_7,node_8,node_9,node_10,node_11,node_12,node_13,node_14,node_15,node_16,node_17,node_18,node_19
1,3.332472562789917,3.3412909507751465,3.346646547317505,3.3435518741607666,3.3396716117858887,3.3354523181915283,3.336178779602051,3.350271224975586,3.3333404064178467,3.3266429901123047,3.3343472480773926,3.3430964946746826,3.3240723609924316,3.3387744426727295,3.3326940536499023,3.3326756954193115,3.339622735977173,3.336482524871826,3.334285020828247,3.3354532718658447
2,3.344967842102051,3.340085506439209,3.3453829288482666,3.3354358673095703,3.3390371799468994,3.3334860801696777,3.3465514183044434,3.3364450931549072,3.3431215286254883,3.338118553161621,3.33490252494812,3.339559555053711,3.332476854324341,3.343245267868042,3.330204725265503,3.33197021484375,3.334822177886963,3.3308703899383545,3.339355707168579,3.3373847007751465
3,3.34567928314209,3.3311076164245605,3.3414156436920166,3.3278980255126953,3.337592601776123,3.3380730152130127,3.3423893451690674,3.3280720710754395,3.336482048034668,3.3321034908294678,3.3282837867736816,3.3378422260284424,3.346174955368042,3.3403046131134033,3.3522095680236816,3.345235586166382,3.3506035804748535,3.334453821182251,3.3270328044891357,3.3412020206451416
