round_num,accuracy,loss
0,0.0985,2.3677563537597655
1,0.2043,2.3341082706451415
2,0.1653,2.4766648807525633
3,0.1042,2.3457936340332033
