round_num,accuracy,loss
0,0.1154,2.459791036605835
1,0.6339,1.5689660354614259
2,0.777,1.0993066816329955
3,0.8153,0.861443853855133
