round_num,accuracy,loss
0,0.08786819770344484,2.0750565407458272
1,0.09186220668996506,2.0420159128268125
2,0.09885172241637544,1.9066712618826391
3,0.09885172241637544,1.8257210346322863
