round_num,accuracy,loss
0,0.1014,2.381238779067993
1,0.6516,1.1232697650909425
2,0.7073,0.854265583896637
3,0.7514,0.6742121549129486
