round_num,accuracy,loss
0,0.109,2.407408158493042
1,0.6646,1.0971893308639526
2,0.7352,0.7653758556365967
3,0.7832,0.5691174417495728
