round_num,accuracy,loss
0,0.6674987518721918,1.4136408472799147
1,0.6674987518721918,1.3777144667629713
2,0.6674987518721918,1.4586541578285228
3,0.6674987518721918,1.5399138101386358
