round_num,accuracy,loss
0,0.1034,2.3462818996429444
1,0.7033,1.4183378229141235
2,0.786,0.9905897981643677
3,0.8279,0.782601978969574
