round_num,accuracy,loss
0,0.1105,2.378219128417969
1,0.6611,1.4796914157867431
2,0.7963,1.0139278036117554
3,0.841,0.7868813884735107
