round_num,accuracy,loss
0,0.0807,2.3597106662750242
1,0.6257,1.1802706990242005
2,0.9172,0.33050371174812315
3,0.8601,0.3436284251689911
