round_num,node_0,node_1,node_2,node_3,node_4,node_5,node_6,node_7,node_8,node_9,node_10,node_11,node_12,node_13,node_14,node_15,node_16,node_17,node_18,node_19
1,4.190482139587402,4.221922397613525,4.201034069061279,4.114488124847412,4.162869930267334,4.2753777503967285,4.248561859130859,4.200677871704102,4.238673686981201,4.180434226989746,4.188448905944824,4.059881210327148,4.0534586906433105,3.947720766067505,4.136618614196777,4.153316497802734,4.191031455993652,4.061421871185303,4.141465187072754,4.096104621887207
2,4.2080206871032715,4.190352439880371,4.1826934814453125,4.222925186157227,4.192507266998291,4.229704856872559,4.224099159240723,4.216840744018555,4.1478166580200195,4.242839813232422,4.325353145599365,4.282374382019043,4.376838684082031,4.371464729309082,4.260817527770996,4.260242938995361,4.264759063720703,4.293440341949463,4.287093162536621,4.29448938369751
3,4.39171838760376,4.434768199920654,4.417805194854736,4.451661586761475,4.466249942779541,4.428716659545898,4.375424861907959,4.347727298736572,4.405821800231934,4.412748336791992,4.378485679626465,4.403507709503174,4.393847465515137,4.376413822174072,4.349617004394531,4.333029270172119,4.328688621520996,4.449057579040527,4.2491350173950195,4.372889518737793
