round_num,accuracy,loss
0,0.05391912131802296,2.1997664190207606
1,0.6674987518721918,1.2354086261359798
2,0.6674987518721918,1.2561312710352082
3,0.6674987518721918,1.2865145783155367
