round_num,accuracy,loss
0,0.0991,2.442158508682251
1,0.7627,1.0410233499526977
2,0.8703,0.5577466876029968
3,0.902,0.3792484210014343
