round_num,accuracy,loss
0,0.6674987518721918,1.563553268172654
1,0.6674987518721918,1.547881650972295
2,0.6674987518721918,1.5355539026108016
3,0.6674987518721918,1.5209144851415084
