round_num,node_0,node_1,node_2,node_3,node_4,node_5,node_6,node_7,node_8,node_9
1,3.2878739833831787,3.282263994216919,3.282095193862915,3.2831344604492188,3.2834689617156982,3.292450428009033,3.2904787063598633,3.2898178100585938,3.2914998531341553,3.296278953552246
2,3.3027915954589844,3.3016815185546875,3.304567337036133,3.3041696548461914,3.305225133895874,3.3136796951293945,3.3149969577789307,3.31451416015625,3.3114259243011475,3.313258647918701
3,3.318748712539673,3.3208343982696533,3.31754732131958,3.319786310195923,3.3188183307647705,3.3182828426361084,3.3222391605377197,3.326385974884033,3.3221564292907715,3.32134747505188
