round_num,accuracy,loss
0,0.1234,2.325547046661377
1,0.8446,0.6088559308052063
2,0.9391,0.27619727578163145
3,0.9451,0.20824935195446015
