round_num,accuracy,loss
0,0.1167,2.3614287380218504
1,0.8569,0.6027121613502503
2,0.9405,0.2772612837791443
3,0.9552,0.19128757482767106
