round_num,accuracy,loss
0,0.098,2.3710880977630615
1,0.9032,0.48221896328926084
2,0.96,0.15451352356672288
3,0.9719,0.0991780685544014
