round_num,accuracy,loss
0,0.1275,2.292363526535034
1,0.9215,0.3745702515602112
2,0.9636,0.142223071372509
3,0.9707,0.09668275705277919
