round_num,accuracy,loss
0,0.1021,2.3850465591430665
1,0.3799,1.9988711149215699
2,0.6012,1.547492158126831
3,0.6763,1.3065447017669678
