round_num,accuracy,loss
0,0.08736894658012981,1.9186704296263468
1,0.13779331003494757,1.8390085384123218
2,0.3599600599101348,1.7817267766905855
3,0.6674987518721918,1.6583161974810268
