round_num,accuracy,loss
0,0.011982026959560658,2.1451911646547286
1,0.6674987518721918,1.285186559928993
2,0.6674987518721918,1.4136614783430361
3,0.6674987518721918,1.5818699602478454
