round_num,node_0,node_1,node_2,node_3,node_4,node_5,node_6,node_7,node_8,node_9,node_10,node_11,node_12,node_13,node_14
1,4.216609001159668,4.146382808685303,3.9971330165863037,4.00030517578125,3.9153549671173096,3.8895552158355713,3.856736183166504,3.930718421936035,3.862485408782959,3.9538214206695557,3.9895944595336914,3.934436321258545,3.8110697269439697,3.84200119972229,4.002283573150635
2,4.458968162536621,4.414638042449951,4.03202486038208,4.019376277923584,4.007237911224365,3.9967446327209473,4.008966445922852,4.016831398010254,4.0615153312683105,4.039770126342773,4.047495365142822,4.0041022300720215,3.954747200012207,3.9482550621032715,4.044100761413574
3,4.5231146812438965,4.301400184631348,4.221472263336182,4.310364246368408,4.164329528808594,4.214682579040527,4.294483184814453,4.281683921813965,4.213136196136475,4.221116065979004,4.300257682800293,4.288662910461426,4.233351230621338,4.233344078063965,4.263154029846191
