round_num,accuracy,loss
0,0.1253,2.3474809829711916
1,0.8609,0.5076604337692261
2,0.9642,0.11473368301093578
3,0.975,0.07460696919113398
