round_num,accuracy,loss
0,0.0847,2.4375033584594727
1,0.8469,0.518495235824585
2,0.9619,0.12461347380578518
3,0.9727,0.08163383770510554
