round_num,accuracy,loss
0,0.0287,2.464181937789917
1,0.7683,0.7786582879066467
2,0.9553,0.14281408696696163
3,0.9691,0.09082486255541444
