round_num,accuracy,loss
0,0.1099,2.3130038612365724
1,0.6478,0.9511657204627991
2,0.9514,0.1610527225703001
3,0.9696,0.09355443171784282
