round_num,node_0,node_1,node_2,node_3,node_4,node_5,node_6,node_7,node_8,node_9,node_10,node_11,node_12,node_13,node_14,node_15,node_16,node_17,node_18,node_19
1,4.149037837982178,4.3007731437683105,3.881273031234741,3.8236160278320312,3.797050952911377,3.8154139518737793,3.854321241378784,3.8354151248931885,3.907928943634033,3.8022444248199463,3.874455213546753,3.8402297496795654,3.9471442699432373,3.8231379985809326,3.821812391281128,3.933487892150879,3.8221259117126465,3.9020185470581055,4.003144264221191,3.922527551651001
2,4.3253655433654785,4.262221813201904,3.889355421066284,3.9434800148010254,3.9483463764190674,3.9416420459747314,3.925034999847412,4.023952007293701,4.0077009201049805,3.97652268409729,3.97200608253479,3.8699185848236084,3.9766438007354736,3.883180856704712,3.911364793777466,3.9650754928588867,3.9689035415649414,3.938991069793701,3.9269442558288574,4.000687122344971
3,4.41562557220459,4.324473857879639,4.119680404663086,4.139616966247559,4.108863353729248,4.073031425476074,4.128228187561035,4.0988664627075195,4.101345062255859,4.155158996582031,4.1505513191223145,4.085341930389404,4.157315731048584,4.113079071044922,4.16796875,4.135971546173096,4.145605087280273,4.103868007659912,4.09147834777832,4.13654899597168
