round_num,accuracy,loss
0,0.10733899151273091,2.042647586842507
1,0.6674987518721918,1.1976471978667016
2,0.6674987518721918,1.234188658382913
3,0.6674987518721918,1.2926721354454562
