round_num,accuracy,loss
0,0.10883674488267599,1.9213835596145539
1,0.08686969545681478,1.920044132012221
2,0.09236145781328008,1.9206863782790322
3,0.010484273589615577,1.929233952635119
