round_num,accuracy,loss
0,0.6505242136794808,1.727051065138323
1,0.6674987518721918,1.3194660030480212
2,0.6674987518721918,1.4873813562731235
3,0.6674987518721918,1.6513109934431163
