round_num,accuracy,loss
0,0.017473789316025962,1.9720426725258067
1,0.10883674488267599,2.039723446651274
2,0.5921118322516226,1.0632551263346413
3,0.6490264603095357,0.9330075199581419
