round_num,accuracy,loss
0,0.1152,2.311767127227783
1,0.6387,1.1077268802642821
2,0.7252,0.7722518677711487
3,0.7631,0.5999431387901306
