round_num,accuracy,loss
0,0.0961,2.4790931297302246
1,0.6608,1.0478157608032226
2,0.7315,0.7494263652801514
3,0.7771,0.5995438818454742
