round_num,accuracy,loss
0,0.03344982526210684,1.9919811322340297
1,0.6674987518721918,1.2412242244257667
2,0.6674987518721918,1.2768202280914909
3,0.6674987518721918,1.3038991323067317
