round_num,accuracy,loss
0,0.1189,2.369228829193115
1,0.817,0.7447824120521546
2,0.8718,0.43193324341773986
3,0.9285,0.27253809587955474
