round_num,accuracy,loss
0,0.1111,2.454867098236084
1,0.8181,0.7481880352020264
2,0.8734,0.39165451502799986
3,0.9342,0.24703747465610504
