round_num,node_0,node_1,node_2,node_3,node_4,node_5,node_6,node_7,node_8,node_9,node_10,node_11,node_12,node_13,node_14
1,3.3574442863464355,3.361480474472046,3.3609511852264404,3.3589425086975098,3.35894775390625,3.356546401977539,3.3563613891601562,3.3558733463287354,3.3562581539154053,3.353415012359619,3.352325916290283,3.358163833618164,3.3533833026885986,3.3583381175994873,3.352991819381714
2,3.3748719692230225,3.37398362159729,3.3787825107574463,3.3723089694976807,3.3766214847564697,3.3753933906555176,3.3756277561187744,3.3731796741485596,3.371994733810425,3.372558832168579,3.368518829345703,3.3687667846679688,3.374647378921509,3.370567798614502,3.3723666667938232
3,3.3788187503814697,3.3767547607421875,3.378652334213257,3.382660150527954,3.3802826404571533,3.3781487941741943,3.3780012130737305,3.3863909244537354,3.3845410346984863,3.393275499343872,3.3924710750579834,3.3833088874816895,3.3864262104034424,3.391995668411255,3.3868215084075928
