round_num,accuracy,loss
0,0.0931,2.389866618347168
1,0.1147,2.4835435836791993
2,0.2201,2.376327830886841
3,0.0892,2.4154373989105227
