round_num,accuracy,loss
0,0.10833749375936096,2.0349194977322758
1,0.6674987518721918,1.2230506123927494
2,0.6674987518721918,1.3108742714701922
3,0.6674987518721918,1.42797450809793
