round_num,accuracy,loss
0,0.6674987518721918,1.5451784324360323
1,0.6674987518721918,1.3246078895915465
2,0.6674987518721918,1.2219237595037764
3,0.6674987518721918,1.226704159975647
