round_num,accuracy,loss
0,0.0683,2.363373932647705
1,0.1292,2.264061742019653
2,0.2877,2.1647924983978273
3,0.397,2.0542984508514404
