round_num,accuracy,loss
0,0.1067,2.4188999240875244
1,0.5149,1.6219678470611572
2,0.8535,0.5828835066318512
3,0.918,0.28179840524196625
