round_num,accuracy,loss
0,0.1297,2.4328027252197266
1,0.177,2.2745345127105714
2,0.2074,2.2362502948760987
3,0.3316,2.069309745788574
