round_num,accuracy,loss
0,0.0794,2.316592609024048
1,0.8449,0.8948181732177735
2,0.8664,0.5710118710517883
3,0.8943,0.4083034657239914
