round_num,node_0,node_1,node_2,node_3,node_4
1,3.0814197063446045,3.0730977058410645,3.07391095161438,3.070564031600952,3.0485785007476807
2,3.0674312114715576,3.0707194805145264,3.066535234451294,3.070150136947632,3.081401824951172
3,3.064901828765869,3.0764920711517334,3.073164224624634,3.0853798389434814,3.054515838623047
