round_num,accuracy,loss
0,0.0825,2.399327481842041
1,0.7109,1.007425385093689
2,0.7503,0.7037077738761902
3,0.7941,0.5388818050861358
