round_num,accuracy,loss
0,0.054,2.356559029006958
1,0.1944,2.7363197402954103
2,0.1953,2.4714449989318847
3,0.1962,2.2850337242126466
