round_num,accuracy,loss
0,0.0841,2.3457943099975584
1,0.827,0.9777422983169556
2,0.864,0.5930181316375732
3,0.8995,0.40026784682273864
