round_num,node_0,node_1,node_2,node_3,node_4,node_5,node_6,node_7,node_8,node_9
1,3.290766477584839,3.290766477584839,3.291090726852417,3.290766477584839,3.290766477584839,3.290766477584839,3.290766477584839,3.2908828258514404,3.290766477584839,3.290766477584839
2,3.290756940841675,3.2908003330230713,3.2908003330230713,3.2908003330230713,3.2908003330230713,3.288752555847168,3.2908003330230713,3.2908003330230713,3.2908003330230713,3.2908003330230713
3,3.2896203994750977,3.2896203994750977,3.2896203994750977,3.2896900177001953,3.2896203994750977,3.2896203994750977,3.2896203994750977,3.2896203994750977,3.2896203994750977,3.2896997928619385
