round_num,accuracy,loss
0,0.25062406390414377,1.8432949423730463
1,0.6669995007488767,1.7589627424598158
2,0.6674987518721918,1.212822890257871
3,0.6674987518721918,1.21277771329975
