round_num,accuracy,loss
0,0.023964053919121316,2.3687210123478266
1,0.6674987518721918,1.276188400823714
2,0.6674987518721918,1.185701629488217
3,0.6674987518721918,1.192972050984383
