round_num,accuracy,loss
0,0.10883674488267599,1.9525936186105326
1,0.10883674488267599,1.8928426023250928
2,0.10883674488267599,1.9659372257460253
3,0.10883674488267599,2.0248675202347313
