round_num,accuracy,loss
0,0.02695956065901148,2.265147569473541
1,0.6674987518721918,1.4046274675349266
2,0.6674987518721918,1.2407256391009152
3,0.6674987518721918,1.2151345562708717
