round_num,node_0,node_1,node_2,node_3,node_4,node_5,node_6,node_7,node_8,node_9
1,3.2363948822021484,3.237467050552368,3.2368099689483643,3.235926866531372,3.236093044281006,3.236694812774658,3.2365262508392334,3.236590623855591,3.2369773387908936,3.2366561889648438
2,3.236208438873291,3.2366087436676025,3.2367618083953857,3.2375917434692383,3.2360150814056396,3.236071825027466,3.2366838455200195,3.236259698867798,3.2363667488098145,3.236452579498291
3,3.235860586166382,3.2363779544830322,3.236820697784424,3.23763108253479,3.237020492553711,3.2362399101257324,3.2366299629211426,3.236538887023926,3.2366461753845215,3.2363297939300537
