round_num,accuracy,loss
0,0.1445,2.3951353530883788
1,0.1085,2.522926447296143
2,0.1405,2.322916018295288
3,0.1821,2.305460054397583
