round_num,node_0,node_1,node_2,node_3,node_4,node_5,node_6,node_7,node_8,node_9
1,3.198848247528076,3.185835361480713,3.185835361480713,3.185835361480713,3.185835361480713,3.1851351261138916,3.185835361480713,3.185835361480713,3.1875505447387695,3.185835361480713
2,3.1869330406188965,3.1869330406188965,3.176281452178955,3.1869330406188965,3.187685012817383,3.1869330406188965,3.1877963542938232,3.1869330406188965,3.1869330406188965,3.1869330406188965
3,3.1906821727752686,3.185702323913574,3.185702323913574,3.185702323913574,3.185702323913574,3.185702323913574,3.185702323913574,3.1917223930358887,3.177342653274536,3.185702323913574
