round_num,accuracy,loss
0,0.0205,2.437396158218384
1,0.474,1.523318816947937
2,0.6033,1.1725724578857422
3,0.6051,1.004229728603363
