round_num,accuracy,loss
0,0.0987,2.387127737426758
1,0.6653,1.2552040500640869
2,0.6968,0.9424832653045654
3,0.7587,0.7214965344429016
