round_num,node_0,node_1,node_2,node_3,node_4,node_5,node_6,node_7,node_8,node_9
1,3.3740148544311523,3.3784139156341553,3.4132883548736572,3.403247356414795,3.376014471054077,3.377570867538452,3.392526626586914,3.39160418510437,3.3961782455444336,3.3885624408721924
2,3.3879690170288086,3.3853893280029297,3.4011476039886475,3.3852946758270264,3.3962225914001465,3.3808281421661377,3.38667631149292,3.3726413249969482,3.396946668624878,3.3883121013641357
3,3.4018051624298096,3.3894712924957275,3.384390115737915,3.3582167625427246,3.4058308601379395,3.3837475776672363,3.4028592109680176,3.3942763805389404,3.4036545753479004,3.376835823059082
