round_num,accuracy,loss
0,0.1502,2.451759342575073
1,0.7414,1.4243481746673583
2,0.7971,0.9792684041976929
3,0.8314,0.7563502470970154
