round_num,accuracy,loss
0,0.1038,2.3553313453674316
1,0.7181,1.4037483345031738
2,0.7902,0.9911053699493408
3,0.8335,0.767078588962555
