round_num,node_0,node_1,node_2,node_3,node_4,node_5,node_6,node_7,node_8,node_9
1,3.4138009548187256,3.421485424041748,3.417327404022217,3.3893959522247314,3.4117543697357178,3.3956615924835205,3.3980748653411865,3.404503107070923,3.425943613052368,3.382643461227417
2,3.40299391746521,3.4203739166259766,3.422112464904785,3.4063103199005127,3.4054319858551025,3.4122841358184814,3.418811798095703,3.4068524837493896,3.3883652687072754,3.422431707382202
3,3.4175865650177,3.427311420440674,3.4158363342285156,3.4399828910827637,3.432044267654419,3.410316228866577,3.3926143646240234,3.4185497760772705,3.418020009994507,3.429926872253418
