round_num,accuracy,loss
0,0.0862,2.3746489337921144
1,0.4071,2.0870912021636965
2,0.5343,1.7596455604553223
3,0.6869,1.4107198249816895
