round_num,accuracy,loss
0,0.0929,2.4127237369537355
1,0.3294,2.0888826244354246
2,0.6535,1.7001604654312135
3,0.6973,1.352802098274231
