round_num,accuracy,loss
0,0.6480279580629057,1.9204198272598427
1,0.6674987518721918,1.8554203451364206
2,0.10883674488267599,2.0152026038138913
3,0.10883674488267599,2.0242546949753213
