round_num,accuracy,loss
0,0.0983524712930604,2.0271608948529036
1,0.6674987518721918,1.3799290545154559
2,0.6674987518721918,1.1916385187069536
3,0.6674987518721918,1.21219880317249
