round_num,accuracy,loss
0,0.0796,2.345276718902588
1,0.6115,1.534101852607727
2,0.692,1.1010856048583983
3,0.7193,0.9220474235534668
