round_num,node_0,node_1,node_2,node_3,node_4,node_5,node_6,node_7,node_8,node_9,node_10,node_11,node_12,node_13,node_14
1,3.419788360595703,3.431699514389038,3.3896634578704834,3.4302010536193848,3.4387099742889404,3.4156486988067627,3.4144387245178223,3.4107229709625244,3.4137160778045654,3.4239864349365234,3.4022183418273926,3.4035446643829346,3.399792432785034,3.4233052730560303,3.4282755851745605
2,3.427710771560669,3.418813705444336,3.4160995483398438,3.4162538051605225,3.4392688274383545,3.4231503009796143,3.3966856002807617,3.4332942962646484,3.4338040351867676,3.417387008666992,3.4326016902923584,3.413839817047119,3.4086592197418213,3.412968635559082,3.4366421699523926
3,3.425478219985962,3.397186279296875,3.427950382232666,3.4110305309295654,3.4148316383361816,3.398010492324829,3.4501748085021973,3.4274280071258545,3.438568115234375,3.4407236576080322,3.4420063495635986,3.409891366958618,3.412652015686035,3.4081647396087646,3.412757396697998
