round_num,accuracy,loss
0,0.45381927109335995,1.7503370680454309
1,0.6674987518721918,1.3528285791917973
2,0.6674987518721918,1.192969275485023
3,0.6674987518721918,1.1895649370049692
