round_num,accuracy,loss
0,0.048427358961557664,1.9732883749041508
1,0.6674987518721918,1.2651378071076027
2,0.6674987518721918,1.1928711256502393
3,0.6674987518721918,1.188268852602882
