round_num,accuracy,loss
0,0.1221,2.378069444274902
1,0.6542,1.199005119895935
2,0.7148,0.8051565963745118
3,0.7235,0.714908238697052
