round_num,accuracy,loss
0,0.0958,2.4403565589904783
1,0.1928,2.428103131866455
2,0.2409,2.298859765625
3,0.3131,1.763698717880249
