round_num,accuracy,loss
0,0.044433349975037444,2.1223528662503988
1,0.6674987518721918,1.2693454128947188
2,0.6674987518721918,1.1811708752893533
3,0.6674987518721918,1.1870270913324532
