round_num,accuracy,loss
0,0.1183225162256615,1.8323571355832082
1,0.6674987518721918,1.2546068164508342
2,0.6674987518721918,1.379451920851671
3,0.6674987518721918,1.5211777527571557
