round_num,accuracy,loss
0,0.10933599600599102,2.2880641645154416
1,0.6674987518721918,1.2444572016053717
2,0.6674987518721918,1.3188472398804594
3,0.6674987518721918,1.3951434555258444
