round_num,accuracy,loss
0,0.1341,2.369597675323486
1,0.6888,1.2992804384231567
2,0.7416,0.9036822877883911
3,0.7595,0.7299361023902893
