round_num,accuracy,loss
0,0.1071,2.364478205490112
1,0.6971,1.2388529722213746
2,0.7319,0.8668201084136963
3,0.7611,0.7004907890319825
