round_num,node_0,node_1,node_2,node_3,node_4,node_5,node_6,node_7,node_8,node_9
1,3.2160747051239014,3.2266743183135986,3.2236886024475098,3.2186930179595947,3.2189629077911377,3.2228305339813232,3.2235043048858643,3.220639228820801,3.232708692550659,3.227174997329712
2,3.226121664047241,3.2167015075683594,3.221996307373047,3.2157540321350098,3.232865571975708,3.229400634765625,3.22029709815979,3.2184975147247314,3.2261695861816406,3.2218971252441406
3,3.2241616249084473,3.2176687717437744,3.2275757789611816,3.213671922683716,3.231694459915161,3.22131609916687,3.2304441928863525,3.226818561553955,3.217949390411377,3.2178335189819336
