round_num,accuracy,loss
0,0.10783824263604593,2.1270008718021143
1,0.6674987518721918,1.193367198593189
2,0.6674987518721918,1.210532716465663
3,0.6674987518721918,1.25585534985638
