round_num,accuracy,loss
0,0.010484273589615577,2.4640751343278127
1,0.6674987518721918,1.2304254256661273
2,0.6674987518721918,1.2109527518257641
3,0.6674987518721918,1.2490169114907028
