round_num,accuracy,loss
0,0.05891163255117324,1.8962580182227384
1,0.6674987518721918,1.4358809283537919
2,0.6674987518721918,1.2223362599202412
3,0.6674987518721918,1.284763481637209
