round_num,accuracy,loss
0,0.0955,2.369393923950195
1,0.3763,2.0593800296783447
2,0.5741,1.747456672477722
3,0.6387,1.4985345626831055
