round_num,accuracy,loss
0,0.0968,2.2882356300354005
1,0.1722,2.4406194938659667
2,0.099,2.5464297241210936
3,0.1422,2.446758925628662
