round_num,accuracy,loss
0,0.0847,2.3537865226745605
1,0.4149,2.0604618366241456
2,0.6088,1.147877132987976
3,0.7286,0.7573815948486328
