round_num,accuracy,loss
0,0.1033,2.4577746257781983
1,0.6549,1.3756948072433473
2,0.7062,0.9527199606895447
3,0.7191,0.7878257979393005
