round_num,node_0,node_1,node_2,node_3,node_4,node_5,node_6,node_7,node_8,node_9
1,3.2743422985076904,3.274909496307373,3.2853713035583496,3.277691125869751,3.2759387493133545,3.274763345718384,3.2832858562469482,3.277036666870117,3.2723865509033203,3.2821240425109863
2,3.2741055488586426,3.280350685119629,3.2744157314300537,3.2689461708068848,3.27950382232666,3.286985397338867,3.280839443206787,3.271374464035034,3.2710297107696533,3.280001640319824
3,3.263646364212036,3.2766482830047607,3.2841882705688477,3.2762229442596436,3.274796962738037,3.2857329845428467,3.285828113555908,3.2738592624664307,3.2765133380889893,3.2782375812530518
