round_num,accuracy,loss
0,0.061,2.415401233291626
1,0.2131,2.203787532424927
2,0.4957,1.8520425548553467
3,0.6484,1.5349057689666747
