round_num,accuracy,loss
0,0.038442336495257114,2.109966757829583
1,0.6674987518721918,1.253184609870225
2,0.6674987518721918,1.3222653147166095
3,0.6674987518721918,1.4224249640227673
