round_num,accuracy,loss
0,0.1108,2.3448114070892334
1,0.3329,2.2476978515625
2,0.2855,2.1247454528808594
3,0.2589,2.0654509212493894
