round_num,accuracy,loss
0,0.0858,2.3480820823669433
1,0.2318,2.222612284851074
2,0.3287,2.0730289916992186
3,0.4049,1.9436183012008668
