round_num,accuracy,loss
0,0.010484273589615577,2.045985602642141
1,0.6674987518721918,1.1847073623256807
2,0.6674987518721918,1.2024106002722867
3,0.6674987518721918,1.214079964714412
