round_num,accuracy,loss
0,0.03344982526210684,1.9588701701199955
1,0.10883674488267599,1.9784010505890526
2,0.6105841238142786,1.0565545269089582
3,0.6500249625561657,0.9226435775823493
