round_num,accuracy,loss
0,0.010484273589615577,1.942865454549499
1,0.05341987019470794,1.9617211468744682
2,0.10883674488267599,1.9866304855256216
3,0.10883674488267599,1.9932116571808243
