round_num,accuracy,loss
0,0.010484273589615577,1.9411188314631171
1,0.10883674488267599,1.838907083153308
2,0.5287069395906141,1.2394540605697404
3,0.6255616575137294,1.0012154235163748
