round_num,node_0,node_1,node_2,node_3,node_4
1,3.3903913497924805,3.3942394256591797,3.391831398010254,3.3898541927337646,3.389624834060669
2,3.416293144226074,3.4176390171051025,3.417581796646118,3.4136054515838623,3.4157230854034424
3,3.4338884353637695,3.437448024749756,3.4267430305480957,3.4344000816345215,3.429520606994629
