round_num,accuracy,loss
0,0.1079,2.3800918460845946
1,0.8367,0.5486637069225311
2,0.943,0.2309943533182144
3,0.9554,0.17070566413402558
