round_num,accuracy,loss
0,0.0775,2.3633570655822753
1,0.6693,1.1370834760665893
2,0.8441,0.6427019653320313
3,0.8708,0.4700101789951324
