round_num,node_0,node_1,node_2,node_3,node_4
1,3.3531503677368164,3.3800277709960938,3.356752872467041,3.422060489654541,3.35859751701355
2,3.3913557529449463,3.366168260574341,3.3843066692352295,3.386258125305176,3.3910176753997803
3,3.379157543182373,3.423614978790283,3.3905608654022217,3.397517442703247,3.386902332305908
