round_num,accuracy,loss
0,0.076,2.3978237247467042
1,0.2968,2.1024892440795897
2,0.5325,1.8073986366271972
3,0.6819,1.438919471168518
