round_num,node_0,node_1,node_2,node_3,node_4,node_5,node_6,node_7,node_8,node_9
1,3.307253837585449,3.3128042221069336,3.3149712085723877,3.3077750205993652,3.3059921264648438,3.3127520084381104,3.2971339225769043,3.312976121902466,3.3021438121795654,3.3038322925567627
2,3.2998833656311035,3.3179759979248047,3.3184585571289062,3.305110454559326,3.310936689376831,3.3127870559692383,3.301266670227051,3.318319082260132,3.312999963760376,3.3175747394561768
3,3.310065269470215,3.326853036880493,3.325680732727051,3.3157742023468018,3.314197540283203,3.3176252841949463,3.3158538341522217,3.3340132236480713,3.3102307319641113,3.304670572280884
