round_num,accuracy,loss
0,0.1013,2.40245972366333
1,0.9629,0.16012161391973495
2,0.979,0.06865970488786698
3,0.9847,0.04873157648518681
