round_num,node_0,node_1,node_2,node_3,node_4
1,3.2694010734558105,3.268993377685547,3.315983533859253,3.320469856262207,3.3175415992736816
2,3.3170006275177,3.3172597885131836,3.342684507369995,3.3543028831481934,3.350449800491333
3,3.3515913486480713,3.348583221435547,3.377394676208496,3.372189998626709,3.378413438796997
