round_num,accuracy,loss
0,0.1693,2.370711144256592
1,0.9656,0.13654937173724174
2,0.9793,0.06895609460771084
3,0.9835,0.052471736048161986
