round_num,accuracy,loss
0,0.1111,2.3960748474121094
1,0.3897,2.0121969615936277
2,0.6757,1.5922535053253173
3,0.712,1.2760860855102538
