round_num,node_0,node_1,node_2,node_3,node_4,node_5,node_6,node_7,node_8,node_9,node_10,node_11,node_12,node_13,node_14
1,3.256835699081421,3.256138324737549,3.2468879222869873,3.2427120208740234,3.245823621749878,3.251258373260498,3.2469661235809326,3.2429940700531006,3.2552478313446045,3.24574613571167,3.238748788833618,3.2555344104766846,3.255962371826172,3.249445676803589,3.2467591762542725
2,3.246127128601074,3.2723145484924316,3.25224232673645,3.252666473388672,3.240530252456665,3.2493820190429688,3.2546091079711914,3.2585721015930176,3.2517831325531006,3.2576372623443604,3.2444889545440674,3.247964859008789,3.2545201778411865,3.243356943130493,3.246307849884033
3,3.251610517501831,3.255180835723877,3.260068416595459,3.247568130493164,3.2544620037078857,3.2425754070281982,3.256279706954956,3.244920015335083,3.2416675090789795,3.265305995941162,3.237452507019043,3.253249406814575,3.2600274085998535,3.2567765712738037,3.245175838470459
