round_num,accuracy,loss
0,0.0966,2.3617309772491457
1,0.6355,1.5200366905212401
2,0.7355,1.058981777191162
3,0.7844,0.8484044176101685
