round_num,accuracy,loss
0,0.0827,2.324802841567993
1,0.4152,1.8452432407379151
2,0.6244,1.317603600883484
3,0.7102,1.0781007318496705
