round_num,node_0,node_1,node_2,node_3,node_4,node_5,node_6,node_7,node_8,node_9,node_10,node_11,node_12,node_13,node_14,node_15,node_16,node_17,node_18,node_19
1,3.329983711242676,3.332545280456543,3.33064341545105,3.3385093212127686,3.3468873500823975,3.3346362113952637,3.334364414215088,3.339160680770874,3.3413643836975098,3.329277276992798,3.336536169052124,3.332794666290283,3.3406789302825928,3.336378812789917,3.3358020782470703,3.3322885036468506,3.3333590030670166,3.3358688354492188,3.3414206504821777,3.3386268615722656
2,3.328894853591919,3.339289426803589,3.3434338569641113,3.3361570835113525,3.339324951171875,3.3403210639953613,3.3325586318969727,3.3410468101501465,3.332857370376587,3.32751202583313,3.3388631343841553,3.339728355407715,3.343438148498535,3.3354732990264893,3.3327016830444336,3.3365185260772705,3.3386659622192383,3.340409994125366,3.3427467346191406,3.3365542888641357
3,3.327134847640991,3.3441109657287598,3.3364551067352295,3.3409950733184814,3.331037759780884,3.3319027423858643,3.3325963020324707,3.3438587188720703,3.331183671951294,3.343433380126953,3.3337488174438477,3.3409993648529053,3.3359665870666504,3.337935447692871,3.3425376415252686,3.3394079208374023,3.3389055728912354,3.3355324268341064,3.3455677032470703,3.3467533588409424
