round_num,accuracy,loss
0,0.10983524712930604,1.8753015612341795
1,0.6674987518721918,1.1700033258332412
2,0.6674987518721918,1.1717362566644172
3,0.6674987518721918,1.1768241048870953
