round_num,accuracy,loss
0,0.3260109835247129,1.7679132064818384
1,0.6674987518721918,1.2947362186429028
2,0.6674987518721918,1.4575486237920645
3,0.6674987518721918,1.6633430090298131
