round_num,accuracy,loss
0,0.0963554667998003,2.033163764746976
1,0.6674987518721918,1.1933809606301684
2,0.6674987518721918,1.226450314178981
3,0.6674987518721918,1.2991439828382274
