round_num,accuracy,loss
0,0.09286070893659511,1.9105394741802053
1,0.6674987518721918,1.1954226756893391
2,0.6674987518721918,1.2683909688660102
3,0.6674987518721918,1.2734871606379226
