round_num,accuracy,loss
0,0.126,2.433743091964722
1,0.1521,2.4088617839813233
2,0.157,2.2801511989593504
3,0.2679,2.1665588382720946
