round_num,accuracy,loss
0,0.0855,2.293539093399048
1,0.7377,1.2393298488616944
2,0.8147,0.8547193367004394
3,0.845,0.6570286345481873
