round_num,accuracy,loss
0,0.0797,2.4241954223632813
1,0.7553,1.365132222557068
2,0.818,0.9086430778503418
3,0.8491,0.6923899836540223
