round_num,node_0,node_1,node_2,node_3,node_4,node_5,node_6,node_7,node_8,node_9
1,3.244925022125244,3.2437808513641357,3.2573461532592773,3.244925022125244,3.244925022125244,3.244925022125244,3.2518811225891113,3.2509350776672363,3.244925022125244,3.252690315246582
2,3.240401268005371,3.2596218585968018,3.2468583583831787,3.249730110168457,3.2468583583831787,3.2468583583831787,3.2580108642578125,3.2468583583831787,3.2494118213653564,3.2468583583831787
3,3.2467586994171143,3.2554244995117188,3.247870683670044,3.247870683670044,3.2384631633758545,3.247870683670044,3.253577709197998,3.247870683670044,3.247870683670044,3.2589752674102783
