round_num,accuracy,loss
0,0.1427,2.356968824005127
1,0.363,1.9135742670059204
2,0.6148,1.476752765083313
3,0.6509,1.250450376701355
