round_num,accuracy,loss
0,0.0944,2.382260502624512
1,0.3992,2.089717351913452
2,0.6861,1.5300383930206298
3,0.7733,1.225059027671814
