round_num,accuracy,loss
0,0.1409,2.365537213516235
1,0.4301,1.9748945339202881
2,0.7226,1.3392967685699464
3,0.8004,1.086283394241333
