round_num,accuracy,loss
0,0.0732,2.3994479949951173
1,0.6576,1.0831145735740662
2,0.8711,0.38760003161430356
3,0.7985,0.625109321796894
