round_num,node_0,node_1,node_2,node_3,node_4,node_5,node_6,node_7,node_8,node_9,node_10,node_11,node_12,node_13,node_14
1,4.2265543937683105,4.34479284286499,4.2079315185546875,4.185061931610107,4.144124507904053,4.128236770629883,4.249520778656006,4.163653373718262,4.071521282196045,4.153101444244385,4.045419216156006,4.025369644165039,4.111722469329834,4.0126953125,4.110546588897705
2,4.198463439941406,4.369850158691406,4.261752605438232,4.220053672790527,4.20308256149292,4.289814472198486,4.254697799682617,4.299145221710205,4.289124011993408,4.369912147521973,4.293581962585449,4.247866153717041,4.227652072906494,4.223596572875977,4.280564785003662
3,4.374508857727051,4.442580223083496,4.3497395515441895,4.481170177459717,4.372270107269287,4.437133312225342,4.466806888580322,4.453291416168213,4.4870758056640625,4.455527305603027,4.460599899291992,4.421187877655029,4.516790866851807,4.4619832038879395,4.420460224151611
