round_num,accuracy,loss
0,0.0965,2.379423314666748
1,0.3338,2.0230892803192138
2,0.5737,1.5418249652862548
3,0.7537,1.1473003393173218
