round_num,accuracy,loss
0,0.03344982526210684,1.9823640832529625
1,0.10883674488267599,2.0585011058727383
2,0.6035946080878682,1.071584369323281
3,0.6430354468297553,0.9629397989509705
