round_num,accuracy,loss
0,0.10883674488267599,2.2718882344094027
1,0.6674987518721918,1.3067903233598128
2,0.6674987518721918,1.1561715265720176
3,0.6674987518721918,1.1841866326701087
