round_num,accuracy,loss
0,0.1039,2.3857382701873777
1,0.6094,1.6121172229766845
2,0.7628,1.1243463919639587
3,0.8143,0.869703962135315
