round_num,accuracy,loss
0,0.63554667998003,1.7529495951537781
1,0.6674987518721918,1.3858477136104392
2,0.6674987518721918,1.1968131144524097
3,0.6674987518721918,1.1685899527026484
