round_num,accuracy,loss
0,0.1119,2.3456511665344237
1,0.286,2.1002080490112305
2,0.5971,1.6729351078033448
3,0.6515,1.4264371044158937
