round_num,node_0,node_1,node_2,node_3,node_4,node_5,node_6,node_7,node_8,node_9
1,3.065330982208252,3.08760666847229,3.090670108795166,3.0899834632873535,3.075909376144409,3.0858192443847656,3.097069025039673,3.0843141078948975,3.0861830711364746,3.074249267578125
2,3.077364206314087,3.0748353004455566,3.081912040710449,3.0891995429992676,3.088367462158203,3.08949875831604,3.092956066131592,3.0795156955718994,3.0842902660369873,3.1000704765319824
3,3.0803091526031494,3.0788676738739014,3.086081027984619,3.0873022079467773,3.0813281536102295,3.115589141845703,3.0867362022399902,3.0864949226379395,3.0869967937469482,3.0843453407287598
