round_num,accuracy,loss
0,0.156,2.3211902126312256
1,0.7419,1.278193853187561
2,0.8251,0.8678518142700196
3,0.854,0.6635191277503967
