round_num,accuracy,loss
0,0.017473789316025962,2.1868271037333615
1,0.6674987518721918,1.2648053232931935
2,0.6674987518721918,1.3509057192462002
3,0.6674987518721918,1.4414811525949525
