round_num,node_0,node_1,node_2,node_3,node_4
1,3.3401896953582764,3.341625928878784,3.342775821685791,3.338291645050049,3.337714433670044
2,3.3402912616729736,3.3399713039398193,3.343801259994507,3.3435909748077393,3.337043523788452
3,3.3400509357452393,3.342897891998291,3.3402817249298096,3.339906930923462,3.3459970951080322
