round_num,accuracy,loss
0,0.03344982526210684,1.9611812715106647
1,0.10883674488267599,1.9731953507712408
2,0.6095856215676485,1.063625731411066
3,0.6200698951572641,1.0133267793426857
