round_num,accuracy,loss
0,0.0854,2.4197858955383302
1,0.3475,2.0346539350509643
2,0.5297,1.5525243427276612
3,0.6712,1.235361330795288
