round_num,accuracy,loss
0,0.10883674488267599,1.9456948912625782
1,0.10883674488267599,1.9860075532467556
2,0.10883674488267599,1.9948585509539722
3,0.05341987019470794,2.0331273734777855
