round_num,accuracy,loss
0,0.02196704942586121,1.887777841632746
1,0.6674987518721918,1.1892781748036056
2,0.6674987518721918,1.25578955067317
3,0.6674987518721918,1.3286471922160743
