round_num,accuracy,loss
0,0.056415376934598103,2.238870797488193
1,0.6674987518721918,1.197089008254167
2,0.6674987518721918,1.2228110037145172
3,0.6674987518721918,1.2573300763123998
