round_num,accuracy,loss
0,0.03344982526210684,2.3258426840520774
1,0.6674987518721918,1.2547608996056583
2,0.6674987518721918,1.383714335475394
3,0.6674987518721918,1.5334313646650766
