round_num,accuracy,loss
0,0.0653,2.3834063941955566
1,0.1339,2.273470030593872
2,0.2605,2.154114739227295
3,0.3348,2.021989386367798
