round_num,accuracy,loss
0,0.10983524712930604,1.800968557194478
1,0.6674987518721918,1.2853712285094658
2,0.6674987518721918,1.159933372312823
3,0.6674987518721918,1.1847147099446846
