round_num,node_0,node_1,node_2,node_3,node_4,node_5,node_6,node_7,node_8,node_9,node_10,node_11,node_12,node_13,node_14,node_15,node_16,node_17,node_18,node_19
1,3.2137866020202637,3.210973024368286,3.214801549911499,3.212470531463623,3.2119667530059814,3.2118706703186035,3.2130908966064453,3.212104558944702,3.211454153060913,3.212064504623413,3.2118942737579346,3.2114439010620117,3.2118544578552246,3.2125656604766846,3.2113330364227295,3.2125489711761475,3.211819887161255,3.2111659049987793,3.2117671966552734,3.212345838546753
2,3.21189546585083,3.209437131881714,3.2137691974639893,3.212437152862549,3.214242696762085,3.211029529571533,3.213613986968994,3.2131845951080322,3.2118797302246094,3.2126450538635254,3.2116715908050537,3.2115745544433594,3.2115163803100586,3.2127037048339844,3.212510108947754,3.213789701461792,3.2115797996520996,3.2136011123657227,3.2119481563568115,3.213390350341797
3,3.2123770713806152,3.210277795791626,3.2137718200683594,3.2119786739349365,3.2115206718444824,3.2100372314453125,3.2115519046783447,3.21425461769104,3.2142274379730225,3.21239972114563,3.212946891784668,3.2127583026885986,3.211151361465454,3.2135260105133057,3.213146209716797,3.2119431495666504,3.211290121078491,3.212306022644043,3.212531566619873,3.2134780883789062
