round_num,accuracy,loss
0,0.017473789316025962,1.9424784726877542
1,0.10983524712930604,1.9437036235155134
2,0.10883674488267599,1.9711191420905065
3,0.10883674488267599,1.9760064475844636
