round_num,accuracy,loss
0,0.10434348477284074,2.1027639985858233
1,0.6674987518721918,1.1777346278808145
2,0.6674987518721918,1.1895984117828842
3,0.6674987518721918,1.1355453451097577
