round_num,accuracy,loss
0,0.03344982526210684,1.9555345800478816
1,0.12481278082875687,1.7684892343986767
2,0.5916125811283075,1.0133291029120706
3,0.6440339490763854,0.9471185445726007
