round_num,accuracy,loss
0,0.1142,2.376769380569458
1,0.8879,0.4363733273029327
2,0.9695,0.08995036143660545
3,0.978,0.06439084192626178
