round_num,accuracy,loss
0,0.10883674488267599,2.025372257485011
1,0.6674987518721918,1.2775803906168868
2,0.6674987518721918,1.4066844566786105
3,0.6674987518721918,1.5443862963484576
