round_num,accuracy,loss
0,0.05341987019470794,2.0123544533253908
1,0.017473789316025962,2.0042985210523447
2,0.05341987019470794,1.996186719854891
3,0.05341987019470794,1.9913214781375985
