round_num,accuracy,loss
0,0.0867,2.3079110294342042
1,0.1662,2.172386794281006
2,0.2487,2.0849760650634765
3,0.3679,1.9509557891845704
