round_num,accuracy,loss
0,0.10833749375936096,2.307175583322823
1,0.6674987518721918,1.2261310253986049
2,0.6674987518721918,1.1876947674463227
3,0.6674987518721918,1.2071240139912203
