round_num,accuracy,loss
0,0.1007,2.39456894569397
1,0.7663,0.8535289434432983
2,0.8283,0.4884450080394745
3,0.9497,0.1695030715584755
