round_num,node_0,node_1,node_2,node_3,node_4
1,4.474429130554199,4.725533485412598,4.377621173858643,4.258116245269775,4.326314926147461
2,4.964756011962891,4.902560710906982,4.592761516571045,4.583610534667969,4.680776119232178
3,5.266153335571289,5.2680511474609375,4.962263107299805,5.009430408477783,4.989948272705078
