round_num,accuracy,loss
0,0.0702,2.448943084335327
1,0.5822,1.205798494720459
2,0.873,0.3850410801410675
3,0.9325,0.24441333436965942
