round_num,node_0,node_1,node_2,node_3,node_4,node_5,node_6,node_7,node_8,node_9,node_10,node_11,node_12,node_13,node_14,node_15,node_16,node_17,node_18,node_19
1,4.0331034660339355,4.158769607543945,3.9943740367889404,4.014671325683594,4.009288787841797,4.05164098739624,4.069971084594727,4.010809898376465,3.997694969177246,4.1060919761657715,3.8681859970092773,3.943565607070923,3.8965892791748047,3.907845973968506,3.8741040229797363,3.7908411026000977,3.9273111820220947,3.837324619293213,3.7917091846466064,4.020305633544922
2,4.030800819396973,4.028386116027832,3.9772305488586426,3.9925878047943115,4.012148857116699,3.9918553829193115,4.014202117919922,3.9714319705963135,3.9985151290893555,4.0317769050598145,4.030343055725098,4.0833611488342285,4.1588945388793945,4.062264442443848,4.151360034942627,4.081601619720459,4.058468341827393,4.0557403564453125,4.062844276428223,4.0410685539245605
3,4.168359756469727,4.1684675216674805,4.131431579589844,4.159659385681152,4.1541900634765625,4.1522746086120605,4.249612331390381,4.155772686004639,4.13431453704834,4.186378479003906,4.288327217102051,4.129599094390869,4.178596496582031,4.251852512359619,4.231976509094238,4.182732105255127,4.141475677490234,4.167228698730469,4.220822334289551,4.112579345703125
