round_num,node_0,node_1,node_2,node_3,node_4,node_5,node_6,node_7,node_8,node_9
1,3.22410249710083,3.2281486988067627,3.2222399711608887,3.2176244258880615,3.221491813659668,3.2263660430908203,3.22377610206604,3.2304227352142334,3.2214856147766113,3.2247626781463623
2,3.2219338417053223,3.2270097732543945,3.220975160598755,3.221135139465332,3.2207889556884766,3.2307608127593994,3.2207069396972656,3.2232203483581543,3.2230172157287598,3.2228708267211914
3,3.225985050201416,3.2244865894317627,3.2258896827697754,3.2282488346099854,3.2210853099823,3.2195465564727783,3.2236328125,3.2270028591156006,3.219951868057251,3.2239413261413574
