round_num,accuracy,loss
0,0.1404,2.398307743835449
1,0.2444,2.1097024787902834
2,0.59,1.7567621770858766
3,0.7078,1.39175693359375
