round_num,accuracy,loss
0,0.1091,2.3570958675384523
1,0.4411,2.071060641860962
2,0.663,1.7043979528427124
3,0.73,1.34596279296875
