round_num,accuracy,loss
0,0.0763,2.3755408096313477
1,0.9126,0.44053648753166197
2,0.9559,0.1681955966114998
3,0.9666,0.11404758464097976
