round_num,accuracy,loss
0,0.0689,2.4234718978881835
1,0.9232,0.4231524300575256
2,0.9589,0.15288895658254623
3,0.9697,0.10097925789058208
