round_num,accuracy,loss
0,0.1028,2.401413078689575
1,0.5895,1.6252544952392578
2,0.6567,1.1999545881271363
3,0.6861,1.005423011779785
