round_num,node_0,node_1,node_2,node_3,node_4,node_5,node_6,node_7,node_8,node_9,node_10,node_11,node_12,node_13,node_14
1,3.201610565185547,3.213742971420288,3.2142174243927,3.2145607471466064,3.2184078693389893,3.2002294063568115,3.2059829235076904,3.2114462852478027,3.211263656616211,3.2059857845306396,3.21441912651062,3.200673818588257,3.2101993560791016,3.2105603218078613,3.2019898891448975
2,3.224092483520508,3.2101871967315674,3.212801218032837,3.223309278488159,3.2143914699554443,3.2144997119903564,3.213707447052002,3.208880662918091,3.208922863006592,3.202410936355591,3.214721918106079,3.213618278503418,3.2065682411193848,3.2114779949188232,3.2107698917388916
3,3.221287965774536,3.216897487640381,3.2100045680999756,3.2150511741638184,3.2141940593719482,3.2084009647369385,3.218944549560547,3.210702657699585,3.209383487701416,3.2045769691467285,3.21311354637146,3.2117831707000732,3.211479425430298,3.219226360321045,3.2215981483459473
