round_num,accuracy,loss
0,0.0998,2.3674106475830077
1,0.5854,1.5711256656646728
2,0.7132,1.1110150295257568
3,0.7492,0.8883593030929565
