round_num,accuracy,loss
0,0.017473789316025962,1.9907589999664086
1,0.10883674488267599,1.903171647743648
2,0.5926110833749376,1.0830910710531416
3,0.6585122316525213,0.9438870650080521
