round_num,accuracy,loss
0,0.0617,2.422180739593506
1,0.3815,2.007126622390747
2,0.5885,1.5558251428604126
3,0.6514,1.3052971385955812
