round_num,accuracy,loss
0,0.032451323015476784,2.2501323219543092
1,0.030454318522216674,2.2278014900561756
2,0.030454318522216674,2.204203066323557
3,0.029955067398901646,2.1785141117145463
