round_num,accuracy,loss
0,0.05292061907139291,1.9579219296760577
1,0.6674987518721918,1.234767228974977
2,0.6674987518721918,1.250925722624502
3,0.6674987518721918,1.279953098273313
