round_num,node_0,node_1,node_2,node_3,node_4,node_5,node_6,node_7,node_8,node_9
1,4.213735103607178,3.983585834503174,3.9725239276885986,4.043994426727295,4.26514196395874,4.312991142272949,4.05534029006958,4.1044769287109375,4.061830997467041,4.042382717132568
2,4.323782444000244,4.1472883224487305,4.189072608947754,4.178243160247803,4.0142598152160645,4.137292861938477,4.075436115264893,4.183859348297119,4.130178928375244,4.202289581298828
3,4.413672924041748,4.458067417144775,4.3799591064453125,4.386411666870117,4.254825592041016,4.357557773590088,4.412079334259033,4.385279178619385,4.413530349731445,4.4681196212768555
