round_num,accuracy,loss
0,0.0481,2.4437256294250487
1,0.7497,1.0150629917144776
2,0.9337,0.22658903684616089
3,0.9641,0.11413816137909889
