round_num,node_0,node_1,node_2,node_3,node_4,node_5,node_6,node_7,node_8,node_9
1,4.00878381729126,3.879417896270752,4.120136260986328,3.8439691066741943,4.194205284118652,4.092853546142578,4.342602252960205,4.2851243019104,4.09557580947876,4.079592227935791
2,4.1341633796691895,4.203458309173584,4.160294532775879,4.117008209228516,4.184216499328613,4.250348091125488,4.075245380401611,4.213830947875977,4.164218902587891,4.180130481719971
3,4.404599189758301,4.423645496368408,4.376842975616455,4.371016979217529,4.427606105804443,4.47965145111084,4.351836204528809,4.489623546600342,4.420937538146973,4.472516059875488
