round_num,accuracy,loss
0,0.08137793310034948,2.35120327461974
1,0.6674987518721918,1.2146766454174824
2,0.6674987518721918,1.2151351960016024
3,0.6674987518721918,1.2525263526590835
