round_num,accuracy,loss
0,0.010484273589615577,1.9300340189079137
1,0.1432850723914129,1.6640119301457437
2,0.653020469296056,0.9340246424517867
3,0.6520219670494258,0.9134353318335828
