round_num,accuracy,loss
0,0.017473789316025962,1.9512205101285527
1,0.08237643534697953,1.9488267770006367
2,0.10883674488267599,1.949363062516249
3,0.05341987019470794,1.9698529105393576
