round_num,accuracy,loss
0,0.10883674488267599,1.8537035891846663
1,0.6674987518721918,1.1690654461823042
2,0.6674987518721918,1.2360217588518003
3,0.6674987518721918,1.3014832691615423
