round_num,accuracy,loss
0,0.03744383424862706,1.9804278849008021
1,0.2636045931103345,1.6090794646972069
2,0.5881178232651023,1.004313811235766
3,0.6819770344483275,0.9040992577791332
