round_num,accuracy,loss
0,0.09885172241637544,1.8802331687210205
1,0.6674987518721918,1.260959747607745
2,0.6674987518721918,1.3992858641277357
3,0.6674987518721918,1.522412396286704
