round_num,node_0,node_1,node_2,node_3,node_4,node_5,node_6,node_7,node_8,node_9
1,3.23577880859375,3.259230375289917,3.241041660308838,3.233135223388672,3.2487058639526367,3.2340028285980225,3.247299909591675,3.2386460304260254,3.2420361042022705,3.2321066856384277
2,3.2331349849700928,3.2465951442718506,3.2499752044677734,3.2349891662597656,3.244868755340576,3.239176034927368,3.252246379852295,3.2473158836364746,3.2461183071136475,3.24211049079895
3,3.2467129230499268,3.252833843231201,3.2439370155334473,3.2465617656707764,3.2432096004486084,3.249112367630005,3.245039224624634,3.2497072219848633,3.250458002090454,3.2402634620666504
