round_num,node_0,node_1,node_2,node_3,node_4,node_5,node_6,node_7,node_8,node_9
1,3.175387144088745,3.1699893474578857,3.1666712760925293,3.1721084117889404,3.172698736190796,3.166245698928833,3.1671693325042725,3.171027660369873,3.167722702026367,3.1659646034240723
2,3.172471523284912,3.18589448928833,3.174579620361328,3.1750762462615967,3.165165662765503,3.1658267974853516,3.1784451007843018,3.1803717613220215,3.171083450317383,3.1654300689697266
3,3.173776388168335,3.17587947845459,3.173872232437134,3.1752169132232666,3.1827521324157715,3.1726887226104736,3.174126386642456,3.1683807373046875,3.1683449745178223,3.179434061050415
