round_num,accuracy,loss
0,0.1027,2.385013851928711
1,0.3789,2.0402292301177978
2,0.6271,1.7286662811279296
3,0.7208,1.3816801332473756
