round_num,accuracy,loss
0,0.0921,2.3736400630950927
1,0.2829,2.1285265663146973
2,0.5519,1.797582181930542
3,0.6875,1.445900664138794
