round_num,accuracy,loss
0,0.06390414378432352,1.908921634978315
1,0.6674987518721918,1.1650689079115168
2,0.6674987518721918,1.1916872999755013
3,0.6674987518721918,1.1829389183151084
