round_num,accuracy,loss
0,0.6674987518721918,1.5857272274304912
1,0.6674987518721918,1.2573845731396707
2,0.6674987518721918,1.381573527798436
3,0.6674987518721918,1.504454021684777
