round_num,accuracy,loss
0,0.0857,2.3485130870819093
1,0.2965,2.1100500553131103
2,0.4143,1.8660270637512206
3,0.4505,1.6841170166015624
