round_num,accuracy,loss
0,0.1021,2.319161194610596
1,0.7159,0.9564990279197693
2,0.7556,0.6751219237327576
3,0.8129,0.5051703671455383
