round_num,accuracy,loss
0,0.073,2.3972860267639162
1,0.6875,1.0887782094955445
2,0.7305,0.7949185506820678
3,0.7866,0.6015705672264099
