round_num,accuracy,loss
0,0.079,2.3165227603912353
1,0.4137,1.9954786855697633
2,0.6545,1.4954772180557252
3,0.726,1.254174319076538
