round_num,accuracy,loss
0,0.5926110833749376,1.7521739529777751
1,0.6674987518721918,1.2048777781958826
2,0.6674987518721918,1.213011897806519
3,0.6674987518721918,1.2324251262652415
