round_num,accuracy,loss
0,0.05341987019470794,1.891616752370262
1,0.6674987518721918,1.2695137108199548
2,0.6674987518721918,1.2847995991952053
3,0.6674987518721918,1.307137365288813
