round_num,accuracy,loss
0,0.017473789316025962,2.009106487556511
1,0.10883674488267599,2.218793320524889
2,0.41687468796804794,1.482458225679707
3,0.6819770344483275,0.9257824182867468
