round_num,accuracy,loss
0,0.1121,2.350321368408203
1,0.746,1.2085564357757568
2,0.8185,0.8268367960929871
3,0.8488,0.636968056678772
