round_num,node_0,node_1,node_2,node_3,node_4,node_5,node_6,node_7,node_8,node_9,node_10,node_11,node_12,node_13,node_14,node_15,node_16,node_17,node_18,node_19
1,4.348215103149414,4.2707414627075195,3.8228118419647217,3.8609580993652344,3.9126944541931152,3.8965024948120117,3.8323678970336914,3.8049066066741943,3.9284355640411377,3.756364583969116,4.0183868408203125,3.7627975940704346,3.8586814403533936,3.89680552482605,3.8943772315979004,3.8738484382629395,3.800082206726074,3.8367631435394287,3.814781904220581,3.920781135559082
2,4.182239532470703,4.2591352462768555,3.888434410095215,3.937878131866455,3.9127893447875977,3.9194817543029785,3.987168073654175,3.916597604751587,3.9082071781158447,3.9540579319000244,3.9035565853118896,3.8751895427703857,3.893500804901123,3.919405698776245,4.015099048614502,3.837325096130371,3.9118165969848633,3.9133141040802,3.9121015071868896,3.917905807495117
3,4.315610885620117,4.360586166381836,4.026600360870361,4.101995944976807,4.037482738494873,4.071524620056152,4.034425735473633,4.06635046005249,4.0458478927612305,4.084704875946045,4.0986199378967285,4.047896862030029,4.075905799865723,4.136569499969482,4.089346408843994,4.036841869354248,4.062987804412842,4.049531936645508,4.051516532897949,4.081071376800537
