round_num,accuracy,loss
0,0.6674987518721918,1.6354261670062618
1,0.6674987518721918,1.3216312439276228
2,0.6674987518721918,1.4186272604192904
3,0.6674987518721918,1.4832027353647645
