round_num,accuracy,loss
0,0.1198,2.3892599838256836
1,0.6609,1.4942115390777588
2,0.6928,1.0982730829238891
3,0.7191,0.9119622049331665
