round_num,node_0,node_1,node_2,node_3,node_4,node_5,node_6,node_7,node_8,node_9,node_10,node_11,node_12,node_13,node_14
1,3.191803455352783,3.202636241912842,3.2044014930725098,3.2179505825042725,3.202651023864746,3.2009425163269043,3.205331325531006,3.205448627471924,3.2083778381347656,3.210172176361084,3.1981751918792725,3.211336612701416,3.209951877593994,3.2023956775665283,3.2092487812042236
2,3.206228494644165,3.2055728435516357,3.213351011276245,3.2121033668518066,3.2116527557373047,3.2100026607513428,3.195664167404175,3.210327386856079,3.2087724208831787,3.21529483795166,3.199883460998535,3.2021243572235107,3.2057435512542725,3.1992952823638916,3.210359811782837
3,3.20633864402771,3.2155425548553467,3.2103981971740723,3.2049872875213623,3.2039990425109863,3.209630250930786,3.2068755626678467,3.2119405269622803,3.2061166763305664,3.2047014236450195,3.2066292762756348,3.208479642868042,3.21693754196167,3.2075014114379883,3.210667848587036
