round_num,accuracy,loss
0,0.03344982526210684,1.9818844706549148
1,0.010484273589615577,1.9979456758951462
2,0.05341987019470794,1.9686863884828236
3,0.11582626060908637,1.968719320242487
