round_num,accuracy,loss
0,0.0624,2.4223926944732668
1,0.6018,1.5670884483337402
2,0.7328,1.1057903038978576
3,0.765,0.8745898513793945
