round_num,accuracy,loss
0,0.1007,2.3491642475128174
1,0.6796,1.5053062421798706
2,0.7745,1.0455183261871337
3,0.7798,0.8250349276542663
