round_num,node_0,node_1,node_2,node_3,node_4,node_5,node_6,node_7,node_8,node_9,node_10,node_11,node_12,node_13,node_14
1,3.2487900257110596,3.244997501373291,3.239992141723633,3.2388274669647217,3.249061107635498,3.24018931388855,3.240328788757324,3.242021322250366,3.2283737659454346,3.242128849029541,3.2368063926696777,3.243516206741333,3.2332327365875244,3.241240978240967,3.2448678016662598
2,3.2367265224456787,3.244225025177002,3.2462499141693115,3.247058868408203,3.2407615184783936,3.2553982734680176,3.2329776287078857,3.24631667137146,3.2373597621917725,3.2470319271087646,3.239280939102173,3.2413887977600098,3.2396650314331055,3.2483761310577393,3.2474331855773926
3,3.24582839012146,3.240853786468506,3.2368361949920654,3.24307918548584,3.2401416301727295,3.239719867706299,3.239595651626587,3.2496118545532227,3.2351393699645996,3.246509075164795,3.255028247833252,3.2406435012817383,3.2431347370147705,3.237581253051758,3.24869441986084
