round_num,accuracy,loss
0,0.1162,2.3482761177062987
1,0.4403,1.8995847576141358
2,0.6676,1.455028122329712
3,0.7365,1.2054047689437866
