round_num,accuracy,loss
0,0.0907,2.3543861320495605
1,0.6401,1.5902591594696045
2,0.8124,1.0528133571624756
3,0.8451,0.8079830357551575
