round_num,node_0,node_1,node_2,node_3,node_4,node_5,node_6,node_7,node_8,node_9,node_10,node_11,node_12,node_13,node_14
1,3.2166004180908203,3.218991994857788,3.213437080383301,3.2148427963256836,3.21669340133667,3.212966203689575,3.2150278091430664,3.2099034786224365,3.210822343826294,3.222825527191162,3.2213521003723145,3.21850323677063,3.2044243812561035,3.214838743209839,3.209355592727661
2,3.2165639400482178,3.2294280529022217,3.221674919128418,3.213334798812866,3.2195324897766113,3.2089107036590576,3.210678815841675,3.2139060497283936,3.213383913040161,3.224545478820801,3.2188608646392822,3.2204248905181885,3.2111921310424805,3.205061197280884,3.2120776176452637
3,3.219773530960083,3.2293951511383057,3.219944477081299,3.211851119995117,3.205355644226074,3.2105050086975098,3.2107131481170654,3.2129080295562744,3.2171716690063477,3.2186076641082764,3.2208120822906494,3.2151427268981934,3.2229371070861816,3.212717056274414,3.2158052921295166
