round_num,node_0,node_1,node_2,node_3,node_4,node_5,node_6,node_7,node_8,node_9,node_10,node_11,node_12,node_13,node_14
1,3.1573596000671387,3.159040927886963,3.1523401737213135,3.127810001373291,3.147348403930664,3.169703960418701,3.1543452739715576,3.1492795944213867,3.1510062217712402,3.156790256500244,3.1459238529205322,3.16029691696167,3.132246494293213,3.171992063522339,3.1486425399780273
2,3.149787664413452,3.1575334072113037,3.1853737831115723,3.1603758335113525,3.1596484184265137,3.153585433959961,3.163919687271118,3.1603825092315674,3.1490771770477295,3.151275873184204,3.157310962677002,3.1560542583465576,3.146977663040161,3.1498591899871826,3.140873670578003
3,3.156916856765747,3.1505677700042725,3.155594825744629,3.173214912414551,3.175830841064453,3.172755718231201,3.1565372943878174,3.1689565181732178,3.173032760620117,3.1617746353149414,3.126387119293213,3.156702756881714,3.1832754611968994,3.1661720275878906,3.1649491786956787
