round_num,accuracy,loss
0,0.0682,2.3429147468566893
1,0.5827,1.6769654222488404
2,0.6544,1.250323462677002
3,0.6968,1.0172400166511535
