round_num,accuracy,loss
0,0.0813,2.4130344470977785
1,0.5617,1.2378894884109497
2,0.8868,0.3701075835943222
3,0.7889,0.555405775642395
