round_num,accuracy,loss
0,0.1394,2.2707911388397215
1,0.6814,1.4550241081237794
2,0.7643,1.0554387011528015
3,0.8104,0.8607384506225586
