round_num,accuracy,loss
0,0.1091,2.3507830192565917
1,0.7113,1.5029468139648436
2,0.7859,1.054325057029724
3,0.8163,0.8422363298416138
