round_num,accuracy,loss
0,0.54717923115327,1.5575983285665869
1,0.6674987518721918,1.2010152313748539
2,0.6674987518721918,1.2539029998655504
3,0.6674987518721918,1.3223783016145318
