round_num,accuracy,loss
0,0.1175,2.327747220993042
1,0.7236,1.0275052810668945
2,0.768,0.7036971995353699
3,0.8135,0.51314608502388
