round_num,accuracy,loss
0,0.10933599600599102,2.044609164513175
1,0.6674987518721918,1.1893169574599474
2,0.6674987518721918,1.1800557503805003
3,0.6674987518721918,1.2054141685478221
