round_num,node_0,node_1,node_2,node_3,node_4
1,4.598611354827881,4.616802215576172,4.466890335083008,4.500641822814941,4.551049709320068
2,5.001904487609863,5.042848587036133,4.874175071716309,4.8285322189331055,4.818365573883057
3,5.2318434715271,5.4460225105285645,5.241705894470215,5.3089470863342285,5.125047206878662
