round_num,accuracy,loss
0,0.0852,2.46314161567688
1,0.8057,0.7805460209846496
2,0.9374,0.22975272347927095
3,0.9578,0.16216245913505553
