round_num,accuracy,loss
0,0.1013,2.3722839004516603
1,0.6651,0.9422419452667237
2,0.8871,0.3335218347787857
3,0.8625,0.3667515653729439
