round_num,accuracy,loss
0,0.10883674488267599,2.2309445996791557
1,0.6674987518721918,1.1765615508012395
2,0.6674987518721918,1.2287288850031075
3,0.6674987518721918,1.3167340006164117
