round_num,node_0,node_1,node_2,node_3,node_4,node_5,node_6,node_7,node_8,node_9,node_10,node_11,node_12,node_13,node_14,node_15,node_16,node_17,node_18,node_19
1,3.1956329345703125,3.1940114498138428,3.194277048110962,3.202923536300659,3.1987929344177246,3.1975889205932617,3.197157382965088,3.2021756172180176,3.1969497203826904,3.2024319171905518,3.1952991485595703,3.1912667751312256,3.1945528984069824,3.1967344284057617,3.1963443756103516,3.19150972366333,3.1979522705078125,3.1926372051239014,3.196519374847412,3.1989686489105225
2,3.2046749591827393,3.1906754970550537,3.1911137104034424,3.1901822090148926,3.198664903640747,3.200094699859619,3.2003304958343506,3.207622766494751,3.1956846714019775,3.1931140422821045,3.202272891998291,3.1951186656951904,3.1983258724212646,3.194455146789551,3.1951446533203125,3.1857917308807373,3.2009332180023193,3.1914749145507812,3.1925909519195557,3.1957204341888428
3,3.1966800689697266,3.1932148933410645,3.1941113471984863,3.195643663406372,3.195554733276367,3.1993088722229004,3.1991024017333984,3.1902620792388916,3.2022507190704346,3.198601722717285,3.1909408569335938,3.195312261581421,3.2061662673950195,3.1972289085388184,3.196533679962158,3.199223518371582,3.1959221363067627,3.1881723403930664,3.1913130283355713,3.201836347579956
