round_num,accuracy,loss
0,0.0521,2.3834956356048584
1,0.5196,1.7629780925750733
2,0.6649,1.2440442068099975
3,0.7211,1.011757176208496
