round_num,accuracy,loss
0,0.1121,2.3311994960784914
1,0.6883,1.410683042526245
2,0.7834,0.9908140487670899
3,0.835,0.768188059425354
