round_num,node_0,node_1,node_2,node_3,node_4,node_5,node_6,node_7,node_8,node_9
1,3.2020959854125977,3.2027695178985596,3.2012197971343994,3.2072718143463135,3.202789783477783,3.201406717300415,3.205448865890503,3.2181763648986816,3.196321487426758,3.19522762298584
2,3.1949760913848877,3.2075588703155518,3.217378616333008,3.198115110397339,3.2050588130950928,3.2067043781280518,3.2058050632476807,3.2069733142852783,3.1997973918914795,3.2070889472961426
3,3.203460931777954,3.2033045291900635,3.2038004398345947,3.2020046710968018,3.201721429824829,3.2083237171173096,3.201735258102417,3.2059671878814697,3.2044320106506348,3.2032675743103027
