round_num,accuracy,loss
0,0.1236,2.3582182357788084
1,0.7621,1.3071241275787353
2,0.8353,0.8540593263626098
3,0.8621,0.641961916923523
