round_num,accuracy,loss
0,0.1059,2.3548378353118897
1,0.7375,1.4560342779159545
2,0.8026,1.0005809535980226
3,0.8323,0.7748128297805786
