round_num,accuracy,loss
0,0.116,2.388491484451294
1,0.6682,1.6382690486907958
2,0.7761,1.102140224647522
3,0.8177,0.862994394493103
