round_num,accuracy,loss
0,0.0513,2.3813846481323244
1,0.345,2.156215126800537
2,0.6367,1.5566010557174683
3,0.7598,1.2534049215316772
