round_num,accuracy,loss
0,0.10883674488267599,1.9401449012684928
1,0.6674987518721918,1.2615881056054734
2,0.6674987518721918,1.3495616887250188
3,0.6674987518721918,1.4791671479873163
