round_num,accuracy,loss
0,0.017473789316025962,1.9125556408972129
1,0.05341987019470794,1.9273323993711429
2,0.05341987019470794,2.0035444621258955
3,0.05341987019470794,1.9945554774937126
