round_num,accuracy,loss
0,0.0763854218671992,2.148982907793728
1,0.6674987518721918,1.1827546136116185
2,0.6674987518721918,1.1840997609982655
3,0.6674987518721918,1.1430359465803317
