round_num,accuracy,loss
0,0.10883674488267599,1.884057439153217
1,0.6674987518721918,1.1917879239833182
2,0.6674987518721918,1.2304002664949796
3,0.6674987518721918,1.2823839927993295
