round_num,accuracy,loss
0,0.0951,2.4039693878173827
1,0.1467,2.5528929489135743
2,0.1266,2.452036645889282
3,0.0981,2.4647038082122803
