round_num,accuracy,loss
0,0.1165,2.338018932723999
1,0.4288,2.144920168685913
2,0.6627,1.59334184589386
3,0.7466,1.3271930728912353
