round_num,accuracy,loss
0,0.1159,2.3863017505645754
1,0.5678,1.2961429824829103
2,0.5385,1.3161773328781128
3,0.8403,0.47038099069595335
