round_num,accuracy,loss
0,0.0254618072890664,2.040035793201601
1,0.6674987518721918,1.4479352957715526
2,0.6674987518721918,1.236613746351203
3,0.6674987518721918,1.2168204653459493
