round_num,accuracy,loss
0,0.1024,2.371585280227661
1,0.5072,1.7050707878112792
2,0.6765,1.13887334690094
3,0.7298,0.9080703152656555
