round_num,accuracy,loss
0,0.37144283574638043,1.8100512438991696
1,0.6674987518721918,1.1810953932527417
2,0.6674987518721918,1.192740779130148
3,0.6674987518721918,1.218272221725224
