round_num,accuracy,loss
0,0.1152,2.3206489585876464
1,0.6964,1.4969919944763184
2,0.7918,1.0329682347297668
3,0.8286,0.811028695011139
