round_num,accuracy,loss
0,0.108,2.3759887008666993
1,0.6664,1.5224710441589355
2,0.7886,1.021934246444702
3,0.8335,0.7892349387168884
