round_num,accuracy,loss
0,0.1341,2.359671194458008
1,0.1645,2.382328033828735
2,0.1762,2.3231244720458983
3,0.1033,2.4363018623352053
