round_num,accuracy,loss
0,0.10733899151273091,2.1932439754084236
1,0.6640039940089866,1.6181772152186036
2,0.6674987518721918,1.40912705728309
3,0.6674987518721918,1.279653770174911
