round_num,accuracy,loss
0,0.10883674488267599,2.16520668218806
1,0.6674987518721918,1.2129802272668553
2,0.6674987518721918,1.2322227207351433
3,0.6674987518721918,1.2781527823825747
