round_num,accuracy,loss
0,0.091,2.3899055152893065
1,0.6977,1.0075182735443116
2,0.7583,0.6996725674629212
3,0.7963,0.5455761437416077
