round_num,node_0,node_1,node_2,node_3,node_4,node_5,node_6,node_7,node_8,node_9,node_10,node_11,node_12,node_13,node_14
1,3.2970824241638184,3.286881685256958,3.295867919921875,3.2876803874969482,3.286451816558838,3.296935558319092,3.293613910675049,3.2915098667144775,3.2928261756896973,3.297478675842285,3.2923436164855957,3.2934813499450684,3.2868525981903076,3.295076370239258,3.2960009574890137
2,3.289745569229126,3.299811363220215,3.2930197715759277,3.2911746501922607,3.2931532859802246,3.29120135307312,3.291388511657715,3.298550844192505,3.292970657348633,3.292898416519165,3.290487289428711,3.28940486907959,3.2970309257507324,3.299753189086914,3.288130283355713
3,3.29038143157959,3.2919254302978516,3.2953100204467773,3.2875287532806396,3.299011707305908,3.285501718521118,3.301469326019287,3.297830820083618,3.293949842453003,3.2872445583343506,3.287719964981079,3.2962565422058105,3.295262575149536,3.288762331008911,3.2886297702789307
