round_num,accuracy,loss
0,0.1248,2.4518351081848144
1,0.5907,1.5572379697799683
2,0.6941,1.1279115740776062
3,0.7218,0.9218649881362915
