round_num,node_0,node_1,node_2,node_3,node_4,node_5,node_6,node_7,node_8,node_9
1,3.278224229812622,3.278224229812622,3.278224229812622,3.278224229812622,3.278101682662964,3.278224229812622,3.278224229812622,3.278224229812622,3.2781970500946045,3.278224229812622
2,3.278210163116455,3.2784311771392822,3.278210163116455,3.278210163116455,3.278210163116455,3.278210163116455,3.278210163116455,3.278210163116455,3.278210163116455,3.278101921081543
3,3.278224229812622,3.278224229812622,3.278005361557007,3.278224229812622,3.278224229812622,3.278224229812622,3.278224229812622,3.278224229812622,3.2780203819274902,3.278224229812622
