round_num,accuracy,loss
0,0.03594608087868198,1.8412400281137666
1,0.6674987518721918,1.2213530683600777
2,0.6674987518721918,1.2580638851038646
3,0.6674987518721918,1.2923553633916038
