round_num,accuracy,loss
0,0.0665,2.3344661594390868
1,0.7616,1.2949017240524292
2,0.8288,0.8875880260467529
3,0.8576,0.6779939577102662
