round_num,node_0,node_1,node_2,node_3,node_4,node_5,node_6,node_7,node_8,node_9
1,3.2510411739349365,3.237494468688965,3.2435357570648193,3.2353012561798096,3.23190975189209,3.236433267593384,3.2423171997070312,3.2362992763519287,3.240628242492676,3.239185333251953
2,3.246035099029541,3.2338273525238037,3.2397501468658447,3.245110273361206,3.242870330810547,3.242875337600708,3.2372803688049316,3.2420523166656494,3.2233903408050537,3.2400338649749756
3,3.2433483600616455,3.2389638423919678,3.2399210929870605,3.239304542541504,3.2433273792266846,3.243165969848633,3.244948148727417,3.236088514328003,3.2427821159362793,3.243499279022217
