round_num,accuracy,loss
0,0.10733899151273091,2.5224994626333284
1,0.10883674488267599,2.1231000944786054
2,0.2036944583125312,1.7406960061592753
3,0.6674987518721918,1.1700962231984093
