round_num,accuracy,loss
0,0.1087,2.366611441421509
1,0.1192,2.2613805660247803
2,0.3345,2.124100040435791
3,0.3097,2.0819339408874513
