round_num,accuracy,loss
0,0.10733899151273091,1.9102592847374638
1,0.6674987518721918,1.1838772306725553
2,0.6674987518721918,1.1724806969843087
3,0.6674987518721918,1.1915483160490283
