round_num,accuracy,loss
0,0.05341987019470794,1.9521261109034538
1,0.05341987019470794,1.9445492059542904
2,0.05341987019470794,1.9521735497135195
3,0.05341987019470794,1.959171662375859
