round_num,node_0,node_1,node_2,node_3,node_4,node_5,node_6,node_7,node_8,node_9
1,3.1851565837860107,3.1812286376953125,3.1812286376953125,3.182621479034424,3.1812286376953125,3.1812286376953125,3.1812286376953125,3.1837384700775146,3.1812286376953125,3.1812286376953125
2,3.1816093921661377,3.1816093921661377,3.1816093921661377,3.1816093921661377,3.1816093921661377,3.1816093921661377,3.1822826862335205,3.1825475692749023,3.1820321083068848,3.1816093921661377
3,3.1816296577453613,3.1816296577453613,3.1816296577453613,3.1821529865264893,3.1816296577453613,3.1816296577453613,3.1811041831970215,3.18239688873291,3.1816296577453613,3.1816296577453613
