round_num,accuracy,loss
0,0.0877,2.3739949714660646
1,0.6451,1.1616716047286988
2,0.8474,0.6291127966880798
3,0.8835,0.44625951547622683
