round_num,accuracy,loss
0,0.10883674488267599,1.79151585836501
1,0.6674987518721918,1.1749729049604534
2,0.6674987518721918,1.1920304466829381
3,0.6674987518721918,1.2360363901702986
