round_num,accuracy,loss
0,0.6380429355966051,1.919646567722231
1,0.6674987518721918,1.9067508548840366
2,0.1018472291562656,1.929985920488983
3,0.10883674488267599,1.9448790718660436
