round_num,accuracy,loss
0,0.0788,2.370045404434204
1,0.8402,0.8739531101226806
2,0.8803,0.5237094613075256
3,0.9054,0.36191841459274293
