round_num,accuracy,loss
0,0.1211,2.3392849658966064
1,0.8403,0.8701146162986756
2,0.874,0.5327147353172302
3,0.9027,0.36991034111976623
