round_num,accuracy,loss
0,0.05142286570144783,2.069823768456698
1,0.6674987518721918,1.3642204373226843
2,0.6674987518721918,1.26043068660359
3,0.6674987518721918,1.2307447316762037
