round_num,accuracy,loss
0,0.0893,2.404700281906128
1,0.6114,1.814541028213501
2,0.7232,1.2003528203010558
3,0.7779,0.9657870809555054
