round_num,accuracy,loss
0,0.0615,2.399474256134033
1,0.6496,1.644287198638916
2,0.7688,1.1145718589782714
3,0.7998,0.9000326112747192
