round_num,node_0,node_1,node_2,node_3,node_4,node_5,node_6,node_7,node_8,node_9,node_10,node_11,node_12,node_13,node_14,node_15,node_16,node_17,node_18,node_19
1,3.2164106369018555,3.2256486415863037,3.219053030014038,3.217867851257324,3.219698667526245,3.2216827869415283,3.2195279598236084,3.2239654064178467,3.2220346927642822,3.215958595275879,3.2218987941741943,3.2235169410705566,3.2187650203704834,3.224463939666748,3.221311092376709,3.214176893234253,3.2258262634277344,3.220273494720459,3.224362850189209,3.2230708599090576
2,3.2193334102630615,3.2274491786956787,3.2178375720977783,3.217069149017334,3.2251436710357666,3.2249417304992676,3.2197020053863525,3.2256054878234863,3.2209677696228027,3.2181403636932373,3.227142572402954,3.2226221561431885,3.220825672149658,3.2188501358032227,3.223921537399292,3.223703145980835,3.2231271266937256,3.224403142929077,3.2299273014068604,3.2214858531951904
3,3.2100226879119873,3.226316452026367,3.2205867767333984,3.2178573608398438,3.2251100540161133,3.2231040000915527,3.2182109355926514,3.2204301357269287,3.2246975898742676,3.2240207195281982,3.226586103439331,3.2214086055755615,3.2237343788146973,3.221236228942871,3.2263665199279785,3.224644660949707,3.222846508026123,3.219034194946289,3.228318214416504,3.222536325454712
