round_num,node_0,node_1,node_2,node_3,node_4,node_5,node_6,node_7,node_8,node_9
1,3.201097249984741,3.201097249984741,3.201097249984741,3.201097249984741,3.206554889678955,3.201097249984741,3.201097249984741,3.1991641521453857,3.201097249984741,3.201097249984741
2,3.2012767791748047,3.2012767791748047,3.2012767791748047,3.2012767791748047,3.2012767791748047,3.2012767791748047,3.19496750831604,3.2012767791748047,3.2026002407073975,3.2012767791748047
3,3.2005932331085205,3.2005932331085205,3.202740430831909,3.2005932331085205,3.2005932331085205,3.2005932331085205,3.2005932331085205,3.2005932331085205,3.2005932331085205,3.1964049339294434
