round_num,accuracy,loss
0,0.6674987518721918,1.7133109107115123
1,0.6674987518721918,1.1905264666362578
2,0.6674987518721918,1.2404793097981202
3,0.6674987518721918,1.301704045003852
