round_num,accuracy,loss
0,0.0719,2.4073977737426757
1,0.4676,2.5810029430389405
2,0.6386,1.463137359046936
3,0.5086,1.2901948732376098
