round_num,accuracy,loss
0,0.0871,2.386863224029541
1,0.6388,1.146323603630066
2,0.7353,0.7689269893169403
3,0.7531,0.6723139559745789
