round_num,node_0,node_1,node_2,node_3,node_4
1,3.4566071033477783,3.444563150405884,3.422328233718872,3.447687864303589,3.4573140144348145
2,3.4274191856384277,3.444458484649658,3.4653897285461426,3.4581964015960693,3.4314849376678467
3,3.4511828422546387,3.3706233501434326,3.456785202026367,3.4354805946350098,3.4413084983825684
