round_num,accuracy,loss
0,0.05341987019470794,2.4691430379674246
1,0.6674987518721918,1.1981365802701092
2,0.6674987518721918,1.2311833809151747
3,0.6674987518721918,1.2946373772692574
