round_num,accuracy,loss
0,0.0539,2.3817942657470703
1,0.4838,1.9960815088272095
2,0.765,1.303468363380432
3,0.8293,1.0203079206466674
