round_num,accuracy,loss
0,0.10883674488267599,1.9502038087954356
1,0.10883674488267599,1.9952151734889654
2,0.5956065901148277,1.0697965949877941
3,0.6450324513230155,0.9434145994324477
