round_num,accuracy,loss
0,0.10933599600599102,2.591375779343794
1,0.10933599600599102,2.4333176968755925
2,0.10933599600599102,2.176674980434012
3,0.10933599600599102,2.1463341910542693
