round_num,accuracy,loss
0,0.0798,2.4429426681518556
1,0.6219,1.3111867444992065
2,0.7096,0.9045663343429565
3,0.7499,0.712273345375061
