round_num,node_0,node_1,node_2,node_3,node_4,node_5,node_6,node_7,node_8,node_9
1,3.2880380153656006,3.2910897731781006,3.288715124130249,3.2911267280578613,3.3056576251983643,3.3095059394836426,3.2800755500793457,3.2983710765838623,3.309438467025757,3.2987911701202393
2,3.2987842559814453,3.29766583442688,3.2977030277252197,3.294422149658203,3.3081395626068115,3.3033909797668457,3.2965481281280518,3.2950894832611084,3.3007986545562744,3.304654836654663
3,3.2974343299865723,3.3046250343322754,3.2990472316741943,3.2909905910491943,3.3045480251312256,3.2911431789398193,3.2982254028320312,3.303614616394043,3.308952808380127,3.297330379486084
