round_num,accuracy,loss
0,0.106,2.329257042312622
1,0.6695,1.191861557006836
2,0.7355,0.8527814561843872
3,0.7734,0.6735811455726624
