round_num,accuracy,loss
0,0.0738,2.358398937225342
1,0.4785,1.93750721244812
2,0.6219,1.4902254905700683
3,0.6963,1.2434368837356566
