round_num,accuracy,loss
0,0.08886669995007489,2.4424019464539457
1,0.6674987518721918,1.2010928854844716
2,0.6674987518721918,1.271074124949013
3,0.6674987518721918,1.3494401636923543
