round_num,accuracy,loss
0,0.6674987518721918,1.8703933652495957
1,0.12880678981527707,1.85018543440047
2,0.6684972541188218,0.9830749029525209
3,0.6610084872690963,0.9769051078552612
