round_num,accuracy,loss
0,0.03744383424862706,1.9522674362241657
1,0.6674987518721918,1.1623286887281725
2,0.6674987518721918,1.181191105992569
3,0.6674987518721918,1.1906570873436664
