round_num,accuracy,loss
0,0.1049,2.340934673690796
1,0.6642,1.0590466723442078
2,0.7283,0.7629693407058716
3,0.7863,0.5668683938503265
