round_num,accuracy,loss
0,0.0936,2.3971017902374268
1,0.6548,1.0795445291519166
2,0.7341,0.7469833399772644
3,0.7541,0.6479403626918793
