round_num,accuracy,loss
0,0.10883674488267599,1.9838047565606851
1,0.6380429355966051,1.5276831963987154
2,0.6674987518721918,1.2530734815778461
3,0.6674987518721918,1.1915942359672924
