round_num,accuracy,loss
0,0.1145,2.3768049312591555
1,0.6633,1.2968222045898437
2,0.734,0.9080413572311401
3,0.7612,0.7331729241371154
