round_num,accuracy,loss
0,0.097,2.4172336181640626
1,0.3835,2.4868247207641603
2,0.6609,1.4321996252059936
3,0.5686,1.2850049989700318
