round_num,accuracy,loss
0,0.10584123814278582,1.9806083369957348
1,0.6674987518721918,1.4236041963903892
2,0.6674987518721918,1.1991671283305791
3,0.6674987518721918,1.2021245309488808
