round_num,node_0,node_1,node_2,node_3,node_4
1,3.1628401279449463,3.1616315841674805,3.162879228591919,3.161865472793579,3.163100004196167
2,3.16168475151062,3.161756753921509,3.162759780883789,3.1620678901672363,3.1619317531585693
3,3.161957263946533,3.16263747215271,3.162041664123535,3.161590099334717,3.162250280380249
