round_num,accuracy,loss
0,0.11682476285571643,1.9820925445480462
1,0.6674987518721918,1.2088600415262174
2,0.6674987518721918,1.3181242502991461
3,0.6674987518721918,1.420750960521679
