round_num,accuracy,loss
0,0.1068,2.335681335067749
1,0.6974,0.968749497127533
2,0.7309,0.7196164686203003
3,0.7874,0.5478435505390167
