round_num,accuracy,loss
0,0.1152,2.3617671089172365
1,0.7112,0.9946175743103027
2,0.76,0.7126345494270324
3,0.7745,0.6071757903575897
