round_num,node_0,node_1,node_2,node_3,node_4
1,3.2533352375030518,3.2546417713165283,3.241950035095215,3.2605831623077393,3.2474327087402344
2,3.2416932582855225,3.2589573860168457,3.245025396347046,3.248659372329712,3.2594497203826904
3,3.2426209449768066,3.2610771656036377,3.261204957962036,3.261168956756592,3.2623653411865234
