round_num,accuracy,loss
0,0.1384,2.4187923072814943
1,0.2269,2.401149224472046
2,0.1421,2.3661510890960695
3,0.1482,2.358422201538086
