round_num,accuracy,loss
0,0.0996,2.410812273025513
1,0.1513,2.2870004047393797
2,0.2725,2.1369694458007813
3,0.3282,2.0411326332092283
