round_num,node_0,node_1,node_2,node_3,node_4,node_5,node_6,node_7,node_8,node_9,node_10,node_11,node_12,node_13,node_14,node_15,node_16,node_17,node_18,node_19
1,3.2885215282440186,3.288954257965088,3.291231870651245,3.274984836578369,3.285233736038208,3.283104181289673,3.2838025093078613,3.282343626022339,3.2846264839172363,3.283468723297119,3.2806308269500732,3.2832279205322266,3.281367540359497,3.282069683074951,3.2812695503234863,3.2827179431915283,3.281371593475342,3.279470205307007,3.2769339084625244,3.2794744968414307
2,3.285263776779175,3.29126238822937,3.28648042678833,3.2843432426452637,3.2860519886016846,3.285813331604004,3.285555601119995,3.282431125640869,3.2848312854766846,3.2794289588928223,3.2835326194763184,3.287158727645874,3.2846086025238037,3.2836875915527344,3.28559947013855,3.2889556884765625,3.2873222827911377,3.288360357284546,3.28298282623291,3.27713942527771
3,3.278162717819214,3.2942941188812256,3.2830915451049805,3.286072254180908,3.28281831741333,3.2901480197906494,3.285205841064453,3.2870588302612305,3.2848029136657715,3.286393642425537,3.2791523933410645,3.2875962257385254,3.288698196411133,3.286466360092163,3.289191484451294,3.2817792892456055,3.2794525623321533,3.288853645324707,3.2827839851379395,3.285863161087036
