round_num,accuracy,loss
0,0.1228,2.3698364761352537
1,0.5411,1.8417464029312134
2,0.7846,1.2367396224975586
3,0.824,0.9762233567237854
