round_num,accuracy,loss
0,0.02945581627558662,1.882228909881485
1,0.6674987518721918,1.2571522412273923
2,0.6674987518721918,1.369692167221637
3,0.6674987518721918,1.4971066763326042
