round_num,accuracy,loss
0,0.0865,2.343370604324341
1,0.7611,1.0422297908782958
2,0.8118,0.6763130331993104
3,0.8625,0.48253068950176237
