round_num,accuracy,loss
0,0.0296,2.381759721374512
1,0.7735,1.0558574571609498
2,0.8274,0.6712376567840577
3,0.8732,0.4664256332397461
