round_num,accuracy,loss
0,0.1373,2.345448236465454
1,0.1003,2.4773035789489746
2,0.0986,2.475054782867432
3,0.1891,2.399078443527222
