round_num,accuracy,loss
0,0.1212,2.349335050201416
1,0.6114,1.2445313772201538
2,0.8165,0.7089105848312378
3,0.8696,0.4897208242893219
