round_num,accuracy,loss
0,0.0889,2.4017187545776366
1,0.3619,1.9896373474121094
2,0.6096,1.5372453754425048
3,0.6635,1.3127013647079468
