round_num,accuracy,loss
0,0.5851223165252122,1.8135579301307514
1,0.6674987518721918,1.3068800518290138
2,0.6674987518721918,1.3586275214501398
3,0.6674987518721918,1.428441602589783
