round_num,accuracy,loss
0,0.016475287069395907,2.1200085155260426
1,0.6674987518721918,1.1712080812787509
2,0.6674987518721918,1.1801081341740136
3,0.6674987518721918,1.2029135740225874
