round_num,accuracy,loss
0,0.034448327508736894,1.9724851311056601
1,0.6674987518721918,1.2708608669099126
2,0.6674987518721918,1.24362681799392
3,0.6674987518721918,1.2670253403949785
