round_num,node_0,node_1,node_2,node_3,node_4,node_5,node_6,node_7,node_8,node_9,node_10,node_11,node_12,node_13,node_14,node_15,node_16,node_17,node_18,node_19
1,3.1954445838928223,3.189831256866455,3.1823809146881104,3.186330556869507,3.1758086681365967,3.19299578666687,3.197345018386841,3.198773145675659,3.185673475265503,3.187307596206665,3.179306745529175,3.1887426376342773,3.1988894939422607,3.1773576736450195,3.200115203857422,3.181018352508545,3.1934313774108887,3.187131404876709,3.210693120956421,3.183145523071289
2,3.2043259143829346,3.1758382320404053,3.210658073425293,3.174766778945923,3.1858503818511963,3.172447443008423,3.2027807235717773,3.2002129554748535,3.1829168796539307,3.170905590057373,3.1796610355377197,3.193749189376831,3.1855595111846924,3.1872153282165527,3.1683013439178467,3.1793088912963867,3.193497657775879,3.182108163833618,3.189093589782715,3.1817116737365723
3,3.2085683345794678,3.17756986618042,3.188384771347046,3.192375898361206,3.1821861267089844,3.1735520362854004,3.1799838542938232,3.1947388648986816,3.1686501502990723,3.2001326084136963,3.196537971496582,3.1853253841400146,3.1832478046417236,3.2071406841278076,3.182666063308716,3.1908137798309326,3.200584888458252,3.1835508346557617,3.1911680698394775,3.1939127445220947
