round_num,accuracy,loss
0,0.0883,2.3792693439483643
1,0.4526,2.036943271255493
2,0.7721,1.3097028680801392
3,0.8144,1.0499472411155701
