round_num,accuracy,loss
0,0.1039,2.365354787826538
1,0.4605,1.739007961654663
2,0.896,0.5006735858917236
3,0.9451,0.22168102149963378
