round_num,accuracy,loss
0,0.1255,2.367124573135376
1,0.5033,1.7345724443435668
2,0.8865,0.5016067197322845
3,0.9437,0.21491460629701614
