round_num,accuracy,loss
0,0.00998502246630055,2.6482887190696425
1,0.6674987518721918,1.2752784550695853
2,0.6674987518721918,1.2288318961129685
3,0.6674987518721918,1.2516530407885582
