round_num,accuracy,loss
0,0.07888167748377434,2.221620147131826
1,0.6674987518721918,1.2575832694932574
2,0.6674987518721918,1.2025498311280371
3,0.6674987518721918,1.2004186556568994
