round_num,accuracy,loss
0,0.11183225162256615,2.1517234869855555
1,0.20818771842236644,1.6287343100315919
2,0.6674987518721918,1.2551324757348878
3,0.6674987518721918,1.2133632869763311
