round_num,node_0,node_1,node_2,node_3,node_4
1,3.4309728145599365,3.406604051589966,3.394857406616211,3.415318489074707,3.4111974239349365
2,3.411757469177246,3.431060552597046,3.4163217544555664,3.392899751663208,3.392487049102783
3,3.4047422409057617,3.3793258666992188,3.39559006690979,3.4458510875701904,3.4133667945861816
