round_num,accuracy,loss
0,0.1362,2.319303538131714
1,0.6479,1.1482945028305054
2,0.6925,0.8670029688835144
3,0.7435,0.6861680357933044
