round_num,accuracy,loss
0,0.05341987019470794,2.3855845831777236
1,0.6674987518721918,1.2091269502625486
2,0.6674987518721918,1.3252725880918537
3,0.6674987518721918,1.4752470708405203
