round_num,accuracy,loss
0,0.1123,2.3574087295532227
1,0.759,1.2510959405899047
2,0.8501,0.8126437274932862
3,0.8791,0.6028452532768249
