round_num,accuracy,loss
0,0.1173,2.362916033935547
1,0.4249,2.9948851825714113
2,0.4545,1.4245677560806274
3,0.7584,0.6547431399345398
