round_num,accuracy,loss
0,0.10733899151273091,2.0629298779825183
1,0.6679980029955067,1.6355536883316573
2,0.6674987518721918,1.229543364887171
3,0.6674987518721918,1.204538958047666
