round_num,accuracy,loss
0,0.1322,2.3071502033233644
1,0.7081,1.4375847736358642
2,0.7887,1.0203414481163025
3,0.82,0.806374598121643
