round_num,accuracy,loss
0,0.0381,2.3345865043640135
1,0.1138,2.4511832172393797
2,0.1016,2.5674405071258546
3,0.2349,2.376953774261475
