round_num,accuracy,loss
0,0.0997,2.3687934242248536
1,0.7621,0.7942071255683899
2,0.9388,0.23399363009929658
3,0.9553,0.1649209200143814
