round_num,accuracy,loss
0,0.05341987019470794,1.9202863538021215
1,0.6674987518721918,1.2388953666239455
2,0.6674987518721918,1.258914431392462
3,0.6674987518721918,1.3057251691937268
