round_num,accuracy,loss
0,0.083,2.348735013961792
1,0.6473,1.3053138885498048
2,0.7244,0.9289201784133911
3,0.7584,0.7438569231033325
