round_num,accuracy,loss
0,0.0731,2.3777637855529785
1,0.7483,0.9691527442932129
2,0.8558,0.5559024733543396
3,0.891,0.4021492231369019
