round_num,accuracy,loss
0,0.0891,2.3705180541992186
1,0.8338,0.9591007276535034
2,0.8661,0.5968332056045532
3,0.8889,0.42020400733947755
