round_num,accuracy,loss
0,0.1063,2.384848237609863
1,0.6843,1.3077954513549805
2,0.7385,0.9100196009635926
3,0.778,0.6979620420455933
