round_num,accuracy,loss
0,0.03344982526210684,1.9422450286414823
1,0.6674987518721918,1.6049293118956323
2,0.6674987518721918,1.4193287395681076
3,0.6674987518721918,1.2846642703457707
