round_num,accuracy,loss
0,0.038442336495257114,2.2528532934498324
1,0.6674987518721918,1.2139712931570623
2,0.6674987518721918,1.3459016621499673
3,0.6674987518721918,1.4809704983883123
