round_num,accuracy,loss
0,0.0948,2.4037419773101805
1,0.6065,1.6489892442703247
2,0.8011,1.079233038330078
3,0.8236,0.8535899149894715
