round_num,node_0,node_1,node_2,node_3,node_4,node_5,node_6,node_7,node_8,node_9,node_10,node_11,node_12,node_13,node_14
1,3.3528614044189453,3.3517327308654785,3.359224557876587,3.3535709381103516,3.3585712909698486,3.357578992843628,3.353097677230835,3.359842538833618,3.359279155731201,3.353353500366211,3.343156099319458,3.352041244506836,3.3697738647460938,3.3479690551757812,3.3562021255493164
2,3.36008882522583,3.358156442642212,3.3746800422668457,3.350694417953491,3.3613688945770264,3.348720073699951,3.3558826446533203,3.36525297164917,3.356391429901123,3.3411784172058105,3.3518850803375244,3.3392271995544434,3.3592376708984375,3.3522424697875977,3.360600233078003
3,3.3560965061187744,3.3643007278442383,3.3567886352539062,3.3487212657928467,3.359205484390259,3.360497236251831,3.365086078643799,3.352520227432251,3.3596034049987793,3.346693515777588,3.354238986968994,3.3521478176116943,3.3672826290130615,3.3540146350860596,3.3453640937805176
