round_num,accuracy,loss
0,0.0703,2.4296308658599854
1,0.5789,1.6919969160079955
2,0.794,1.0950569473266603
3,0.8324,0.8499458980560303
