round_num,accuracy,loss
0,0.1019,2.3463431060791016
1,0.8423,0.5487220979213715
2,0.9291,0.2687940985202789
3,0.9612,0.15907534099817275
