round_num,accuracy,loss
0,0.0949,2.307045412063599
1,0.8226,0.5380504404067993
2,0.9524,0.21264338207244873
3,0.9591,0.16270501515865327
