round_num,accuracy,loss
0,0.011482775836245632,2.005392406442674
1,0.6674987518721918,1.2504687376517507
2,0.6674987518721918,1.2128363986105783
3,0.6674987518721918,1.2258401648497141
