round_num,accuracy,loss
0,0.05541687468796805,2.1615636914120397
1,0.6674987518721918,1.3156044133234428
2,0.6674987518721918,1.2059548030897074
3,0.6674987518721918,1.235810976890225
