round_num,accuracy,loss
0,0.029955067398901646,2.4272271016807005
1,0.6674987518721918,1.2116375544400912
2,0.6674987518721918,1.1855769369879545
3,0.6674987518721918,1.2067340280910879
