round_num,accuracy,loss
0,0.010484273589615577,2.092431856284901
1,0.6674987518721918,1.2428073012346752
2,0.6674987518721918,1.21666841874763
3,0.6674987518721918,1.2318021569678144
