round_num,accuracy,loss
0,0.0963,2.343394470214844
1,0.8486,0.5832999981880188
2,0.8533,0.4088189326763153
3,0.954,0.18412609074115754
