round_num,accuracy,loss
0,0.0851,2.323848149108887
1,0.1601,2.23465930480957
2,0.2873,2.1228901683807373
3,0.4832,1.864065773010254
