round_num,node_0,node_1,node_2,node_3,node_4,node_5,node_6,node_7,node_8,node_9
1,3.3714959621429443,3.368277072906494,3.3661587238311768,3.368002414703369,3.373544931411743,3.374737024307251,3.362652063369751,3.3701627254486084,3.3682119846343994,3.380845069885254
2,3.3592495918273926,3.3779709339141846,3.370944023132324,3.362919807434082,3.367461681365967,3.375777006149292,3.368161916732788,3.369152784347534,3.3688130378723145,3.368805408477783
3,3.3805172443389893,3.377443313598633,3.378831386566162,3.3584377765655518,3.3724844455718994,3.3657829761505127,3.3844923973083496,3.3750929832458496,3.3798842430114746,3.3696134090423584
