round_num,accuracy,loss
0,0.0923,2.3654343559265136
1,0.7685,1.2800739799499512
2,0.8355,0.8649295094490052
3,0.8626,0.6577050886154174
