round_num,accuracy,loss
0,0.05991013479780329,2.1367412926373457
1,0.09385921118322517,1.9746945181669024
2,0.6580129805292062,1.7325417594319275
3,0.6674987518721918,1.2470445990324377
