round_num,accuracy,loss
0,0.1009,2.4374433925628662
1,0.1124,2.4756647315979006
2,0.1798,2.3662206089019775
3,0.2045,2.24558575592041
