round_num,accuracy,loss
0,0.1006,2.4203199871063235
1,0.5296,1.830465971183777
2,0.7058,1.3271475997924804
3,0.7175,1.0933110689163208
