round_num,accuracy,loss
0,0.03394907638542187,1.9584335688644805
1,0.6674987518721918,1.2931426613853385
2,0.6674987518721918,1.1852749064155537
3,0.6674987518721918,1.1831041423904258
