round_num,accuracy,loss
0,0.1144,2.366619158935547
1,0.1452,2.4750937316894532
2,0.2414,2.3750622856140136
3,0.2025,2.2448880416870116
