round_num,accuracy,loss
0,0.1273,2.4173028671264647
1,0.7759,1.27737008228302
2,0.8504,0.828538037109375
3,0.8674,0.6345537737846374
