round_num,node_0,node_1,node_2,node_3,node_4,node_5,node_6,node_7,node_8,node_9
1,3.275136947631836,3.2794172763824463,3.2794764041900635,3.2742578983306885,3.275601625442505,3.274440050125122,3.269584894180298,3.2782890796661377,3.2760188579559326,3.275848865509033
2,3.284040689468384,3.2756857872009277,3.2776243686676025,3.269481897354126,3.278660535812378,3.2764999866485596,3.2649176120758057,3.2723753452301025,3.2800426483154297,3.2748000621795654
3,3.2760860919952393,3.286816120147705,3.284573554992676,3.27586030960083,3.2744388580322266,3.2727465629577637,3.2765145301818848,3.276517391204834,3.286869764328003,3.2776947021484375
