round_num,accuracy,loss
0,0.1355,2.3544570064544676
1,0.5623,1.7288768096923828
2,0.6325,1.2951721963882445
3,0.6953,1.0565518556594848
