round_num,accuracy,loss
0,0.017473789316025962,1.859183480962181
1,0.6674987518721918,1.188756067337421
2,0.6674987518721918,1.3307048201382428
3,0.6674987518721918,1.5053721227410193
