round_num,accuracy,loss
0,0.0969,2.347208840560913
1,0.4726,1.715675833129883
2,0.7068,0.8032063514709472
3,0.9137,0.3311663370132446
