round_num,accuracy,loss
0,0.017473789316025962,2.2499442613547407
1,0.6674987518721918,1.5612602554674573
2,0.6674987518721918,1.219186374859041
3,0.6674987518721918,1.193726153833177
