round_num,accuracy,loss
0,0.0842,2.4555009246826174
1,0.543,1.8307386302947999
2,0.685,1.2836598024368286
3,0.7402,1.0286275970458985
