round_num,node_0,node_1,node_2,node_3,node_4,node_5,node_6,node_7,node_8,node_9,node_10,node_11,node_12,node_13,node_14,node_15,node_16,node_17,node_18,node_19
1,3.2359249591827393,3.2311904430389404,3.23396372795105,3.246755361557007,3.229705810546875,3.249723196029663,3.236873149871826,3.246525764465332,3.2357890605926514,3.234640121459961,3.2360610961914062,3.2391586303710938,3.226214647293091,3.2263216972351074,3.2438414096832275,3.2417423725128174,3.2504825592041016,3.24586820602417,3.236179828643799,3.2269742488861084
2,3.2334213256835938,3.2501399517059326,3.2396764755249023,3.231879472732544,3.2207775115966797,3.252420663833618,3.240841865539551,3.2435343265533447,3.242999315261841,3.2373552322387695,3.2347412109375,3.237534999847412,3.2487690448760986,3.233717918395996,3.2548580169677734,3.229973077774048,3.258903980255127,3.2361180782318115,3.2291712760925293,3.2196695804595947
3,3.242703914642334,3.256667375564575,3.248453140258789,3.2547435760498047,3.224482297897339,3.227778911590576,3.2286131381988525,3.248732089996338,3.247134208679199,3.2352428436279297,3.245098114013672,3.2229042053222656,3.247082471847534,3.248715877532959,3.246467113494873,3.247589588165283,3.2389159202575684,3.252286911010742,3.2303457260131836,3.2477848529815674
