round_num,accuracy,loss
0,0.0707,2.3744293251037596
1,0.5436,1.787351563835144
2,0.6558,1.3288512414932252
3,0.7122,1.0840131338119507
