round_num,accuracy,loss
0,0.10783824263604593,2.292313003801907
1,0.6674987518721918,1.1735494948004819
2,0.6674987518721918,1.194607506736302
3,0.6674987518721918,1.1314014052368675
