round_num,accuracy,loss
0,0.1132,2.3437442592620847
1,0.6787,1.0180871685028077
2,0.7285,0.7424932267189026
3,0.7788,0.5873721009731293
