round_num,node_0,node_1,node_2,node_3,node_4,node_5,node_6,node_7,node_8,node_9
1,3.265524387359619,3.2408835887908936,3.251359462738037,3.224182605743408,3.2466623783111572,3.2441153526306152,3.2474491596221924,3.271798849105835,3.2560479640960693,3.2617969512939453
2,3.247098922729492,3.2580556869506836,3.2741611003875732,3.2483344078063965,3.236130714416504,3.233027458190918,3.2477941513061523,3.260889768600464,3.2459824085235596,3.2528624534606934
3,3.2404870986938477,3.2510221004486084,3.2550699710845947,3.2470881938934326,3.262756824493408,3.2426397800445557,3.2322607040405273,3.2602479457855225,3.25862455368042,3.2555792331695557
