round_num,accuracy,loss
0,0.029955067398901646,2.0504446280817956
1,0.6674987518721918,1.292446628607218
2,0.6674987518721918,1.4845705839377072
3,0.6674987518721918,1.7044180150158217
