round_num,accuracy,loss
0,0.6674987518721918,1.8856149333986234
1,0.12531203195207188,1.8399963209882595
2,0.11932101847229157,2.0014931531888034
3,0.12481278082875687,1.987424427428605
