round_num,accuracy,loss
0,0.1307,2.379945369720459
1,0.5731,1.600913808631897
2,0.708,1.1198227886199952
3,0.7533,0.8891754596710205
