round_num,accuracy,loss
0,0.6674987518721918,1.9146421914450598
1,0.10883674488267599,1.8967009389394531
2,0.5771342985521717,1.093555761139451
3,0.654518222666001,0.9410014436415178
