round_num,accuracy,loss
0,0.0908,2.4090241958618166
1,0.6137,1.6571727834701537
2,0.8159,1.1209686326026918
3,0.8448,0.8582761422157288
