round_num,accuracy,loss
0,0.092,2.4168729553222654
1,0.8203,0.9242389419555664
2,0.8879,0.5188657194137574
3,0.911,0.3602450080394745
