round_num,accuracy,loss
0,0.0952,2.4074355449676514
1,0.8574,0.8141716607093811
2,0.8947,0.4584323772907257
3,0.9207,0.3087395444393158
