round_num,accuracy,loss
0,0.10084872690963555,2.444365525924142
1,0.6674987518721918,1.2185309123707246
2,0.6674987518721918,1.3145111655212913
3,0.6674987518721918,1.4220701731923695
