round_num,accuracy,loss
0,0.1028,2.3182257152557373
1,0.4358,1.990405862045288
2,0.6233,1.6615039121627808
3,0.7091,1.3353436510086059
