round_num,accuracy,loss
0,0.15476784822765852,1.746611836012518
1,0.6674987518721918,1.186517038675052
2,0.6674987518721918,1.2206335042157415
3,0.6674987518721918,1.256624244596145
