round_num,accuracy,loss
0,0.0282,2.4153503074645997
1,0.4325,2.185104623413086
2,0.6948,1.5169658096313476
3,0.7834,1.2475242708206178
