round_num,accuracy,loss
0,0.1044,2.342622360229492
1,0.4221,2.025150339508057
2,0.5311,1.689095475769043
3,0.6277,1.4261417314529419
