round_num,accuracy,loss
0,0.1017,2.3059319160461427
1,0.6954,1.0141720860481263
2,0.7399,0.738100666809082
3,0.7798,0.5835445686578751
