round_num,accuracy,loss
0,0.013979031452820768,2.4536439372608796
1,0.6674987518721918,1.4077596141288593
2,0.6674987518721918,1.2394514110644221
3,0.6674987518721918,1.1897783181813735
