round_num,accuracy,loss
0,0.03344982526210684,1.877645076779324
1,0.034947578632051925,1.770156887312026
2,0.6674987518721918,1.2326857791920631
3,0.6674987518721918,1.2326339463621037
