round_num,accuracy,loss
0,0.05192211682476285,2.112127920418338
1,0.6674987518721918,1.2355790299531286
2,0.6674987518721918,1.2095777469757374
3,0.6674987518721918,1.239898851676042
