round_num,accuracy,loss
0,0.017473789316025962,2.320445668858049
1,0.6674987518721918,1.2438525001942011
2,0.6674987518721918,1.2109319548337862
3,0.6674987518721918,1.2429779223424462
