round_num,accuracy,loss
0,0.1197,2.3587529991149903
1,0.1674,2.481051146697998
2,0.1884,2.3507880981445313
3,0.2055,2.32047222366333
