round_num,accuracy,loss
0,0.1009,2.3725873157501223
1,0.3318,2.1304171913146974
2,0.5268,1.831299937438965
3,0.6343,1.4832049566268921
