round_num,accuracy,loss
0,0.0742,2.460297375869751
1,0.2852,2.161913470840454
2,0.4608,1.8788654029846192
3,0.6054,1.5856124090194703
