round_num,accuracy,loss
0,0.10883674488267599,1.9495609259522086
1,0.10883674488267599,1.9669795080952446
2,0.10883674488267599,1.988738414233051
3,0.10883674488267599,1.9649072777195329
