round_num,accuracy,loss
0,0.6674987518721918,1.6304835070387698
1,0.6674987518721918,1.349841107205635
2,0.6674987518721918,1.2214885346007478
3,0.6674987518721918,1.2116099828728664
