round_num,accuracy,loss
0,0.10883674488267599,1.9137257480407082
1,0.10883674488267599,1.9148814849001254
2,0.10883674488267599,1.9202046229490566
3,0.10883674488267599,1.963915091482211
