round_num,accuracy,loss
0,0.1029,2.3994280284881593
1,0.2963,2.0508078746795655
2,0.6027,1.675669767189026
3,0.6723,1.3699374841690064
