round_num,accuracy,loss
0,0.0975,2.3866476837158204
1,0.2525,2.129190681838989
2,0.502,1.8399771295547485
3,0.6451,1.5444053237915039
