round_num,accuracy,loss
0,0.12431352970544184,1.8195544375935258
1,0.6674987518721918,1.2160057718314592
2,0.6674987518721918,1.1844472840495308
3,0.6674987518721918,1.218470817438317
