round_num,accuracy,loss
0,0.05491762356465302,2.082043916835109
1,0.6674987518721918,1.203392070171777
2,0.6674987518721918,1.1898303184280739
3,0.6674987518721918,1.2074444820091716
