round_num,accuracy,loss
0,0.017473789316025962,1.9530581768548196
1,0.6165751372940589,1.6368345588787876
2,0.6674987518721918,1.2236748794526144
3,0.6674987518721918,1.235773570467339
