round_num,accuracy,loss
0,0.0673,2.392535725021362
1,0.7657,0.993380533027649
2,0.896,0.3309309450864792
3,0.9465,0.1792281336784363
