round_num,accuracy,loss
0,0.0978,2.3442363567352293
1,0.932,0.2705966313123703
2,0.981,0.05653196094743908
3,0.9861,0.042077322821784766
