round_num,accuracy,loss
0,0.0946,2.423139395523071
1,0.8353,0.4739609357833862
2,0.9772,0.06968908059820533
3,0.9822,0.05136938348710537
