round_num,accuracy,loss
0,0.10883674488267599,1.9788879657827254
1,0.6674987518721918,1.2142841767741035
2,0.6674987518721918,1.2684864873476642
3,0.6674987518721918,1.321709638200161
