round_num,accuracy,loss
0,0.0222,2.3893185665130616
1,0.7443,1.3317523704528809
2,0.8122,0.890611374092102
3,0.8386,0.6783379877090454
