round_num,node_0,node_1,node_2,node_3,node_4,node_5,node_6,node_7,node_8,node_9
1,3.310439348220825,3.3041906356811523,3.2882566452026367,3.293940782546997,3.289841890335083,3.3054912090301514,3.281071901321411,3.279714822769165,3.291865348815918,3.3050644397735596
2,3.293491840362549,3.3093507289886475,3.2812023162841797,3.2913777828216553,3.3043835163116455,3.298292636871338,3.309668779373169,3.298017978668213,3.3174662590026855,3.2950315475463867
3,3.28031325340271,3.291287899017334,3.2989556789398193,3.2824997901916504,3.303696393966675,3.289632558822632,3.315781593322754,3.2987241744995117,3.3006021976470947,3.2857882976531982
