round_num,accuracy,loss
0,0.0657,2.3430272747039793
1,0.7666,1.288652448272705
2,0.8141,0.8947861344337463
3,0.8375,0.6905870160102844
