round_num,accuracy,loss
0,0.10883674488267599,2.118984864225878
1,0.6674987518721918,1.2783260534122713
2,0.6674987518721918,1.1588211467250609
3,0.6674987518721918,1.1655741532147674
