round_num,accuracy,loss
0,0.1355,2.3918588047027587
1,0.6291,1.3366797986984253
2,0.7111,0.9827236335754395
3,0.7446,0.7986007967948914
