round_num,accuracy,loss
0,0.1287,2.305636933517456
1,0.7305,1.3351106367111205
2,0.8042,0.942016702079773
3,0.8163,0.7443124413490295
