round_num,accuracy,loss
0,0.0644,2.390480768966675
1,0.5779,1.7891975908279418
2,0.7743,1.2025772911071777
3,0.8118,0.9556816254615784
