round_num,accuracy,loss
0,0.0563,2.397086729431152
1,0.2726,2.2259356395721435
2,0.4838,1.9700299652099609
3,0.5707,1.7049982334136964
