round_num,accuracy,loss
0,0.1061,2.362156315994263
1,0.4061,1.9867027141571045
2,0.4991,1.271444344329834
3,0.832,0.6969623718261718
