round_num,accuracy,loss
0,0.03344982526210684,1.9628465375005157
1,0.05341987019470794,2.048374449081916
2,0.054418372441337994,2.03982064501381
3,0.06240639041437843,2.179520643060944
