round_num,node_0,node_1,node_2,node_3,node_4,node_5,node_6,node_7,node_8,node_9
1,3.2591025829315186,3.255293130874634,3.269369125366211,3.2457633018493652,3.2781262397766113,3.2500874996185303,3.2611193656921387,3.262576103210449,3.263751268386841,3.249384880065918
2,3.261265993118286,3.2644786834716797,3.2548506259918213,3.2576212882995605,3.2536890506744385,3.2585620880126953,3.259782314300537,3.2557103633880615,3.2778115272521973,3.258897304534912
3,3.268305540084839,3.2720727920532227,3.25382924079895,3.2569127082824707,3.252898931503296,3.253235101699829,3.2677667140960693,3.261845350265503,3.27232027053833,3.249305009841919
