round_num,node_0,node_1,node_2,node_3,node_4,node_5,node_6,node_7,node_8,node_9,node_10,node_11,node_12,node_13,node_14,node_15,node_16,node_17,node_18,node_19
1,3.4115333557128906,3.4116549491882324,3.412097692489624,3.412092685699463,3.4115631580352783,3.4119744300842285,3.41156005859375,3.411712646484375,3.411546468734741,3.4119744300842285,3.4120304584503174,3.411384105682373,3.4119434356689453,3.411882162094116,3.411957025527954,3.411435127258301,3.411790370941162,3.4117939472198486,3.4117720127105713,3.4123077392578125
2,3.4117836952209473,3.4120798110961914,3.412101984024048,3.4121930599212646,3.412489414215088,3.411952495574951,3.4115078449249268,3.4120900630950928,3.4118332862854004,3.411876916885376,3.4117045402526855,3.4117658138275146,3.4114673137664795,3.4123780727386475,3.4117767810821533,3.4113664627075195,3.41227650642395,3.411663770675659,3.411409378051758,3.4125375747680664
3,3.412285804748535,3.4127206802368164,3.411816120147705,3.411484479904175,3.4122002124786377,3.412400484085083,3.4120965003967285,3.4122354984283447,3.4118778705596924,3.4116134643554688,3.4120447635650635,3.4122796058654785,3.411715507507324,3.4122557640075684,3.4114980697631836,3.411362648010254,3.412100315093994,3.4111907482147217,3.4114954471588135,3.4125845432281494
