round_num,accuracy,loss
0,0.0359,2.3918690605163575
1,0.4531,2.5475955448150636
2,0.4782,1.5134883295059205
3,0.4358,1.696843521118164
