round_num,accuracy,loss
0,0.6660009985022466,1.6319894675784747
1,0.6674987518721918,1.2093241773601537
2,0.6674987518721918,1.304230497172637
3,0.6674987518721918,1.4221969201335058
