round_num,accuracy,loss
0,0.0954,2.391841100692749
1,0.7701,0.7707979107856751
2,0.9689,0.09288129778504371
3,0.9798,0.06124525856040418
