round_num,node_0,node_1,node_2,node_3,node_4,node_5,node_6,node_7,node_8,node_9
1,4.510600566864014,4.331136703491211,4.251042366027832,4.363038063049316,4.25319766998291,4.3010430335998535,4.369072437286377,4.444186210632324,4.212113857269287,4.340646743774414
2,4.672674179077148,4.393195629119873,4.454380035400391,4.40667724609375,4.476304054260254,4.382606029510498,4.470582008361816,4.437732219696045,4.3907575607299805,4.3716936111450195
3,4.701249599456787,4.798038482666016,4.619479179382324,4.580089569091797,4.605799674987793,4.648437023162842,4.671484470367432,4.709515571594238,4.659523010253906,4.640364646911621
