round_num,accuracy,loss
0,0.04343484772840739,2.057973304987549
1,0.6674987518721918,1.167479247435057
2,0.6674987518721918,1.1787349095477857
3,0.6674987518721918,1.1085999417888244
