round_num,accuracy,loss
0,0.1011,2.33626089553833
1,0.9158,0.283096989774704
2,0.9816,0.05658310204017907
3,0.9855,0.04199504897189327
