round_num,node_0,node_1,node_2,node_3,node_4,node_5,node_6,node_7,node_8,node_9
1,3.193737506866455,3.1894633769989014,3.20782208442688,3.1882476806640625,3.1934823989868164,3.197435140609741,3.1846964359283447,3.196873903274536,3.186647653579712,3.203005075454712
2,3.1900851726531982,3.2010080814361572,3.2007455825805664,3.189011812210083,3.1793508529663086,3.1984944343566895,3.1940574645996094,3.1967105865478516,3.20237135887146,3.1914913654327393
3,3.198539972305298,3.2002389430999756,3.1970295906066895,3.1936397552490234,3.19185471534729,3.1855807304382324,3.1937415599823,3.2066872119903564,3.20754337310791,3.199897050857544
