round_num,accuracy,loss
0,0.0893,2.559258536148071
1,0.2946,2.12589051322937
2,0.5013,1.777828444290161
3,0.6308,1.443499788093567
