round_num,accuracy,loss
0,0.0996,2.331959637069702
1,0.3509,2.0460847911834716
2,0.59,1.6677745094299317
3,0.6724,1.3548763053894044
