round_num,node_0,node_1,node_2,node_3,node_4,node_5,node_6,node_7,node_8,node_9
1,3.4129650592803955,3.386239767074585,3.4120779037475586,3.401632308959961,3.3934950828552246,3.411261796951294,3.3927152156829834,3.408156633377075,3.4138519763946533,3.3935110569000244
2,3.4116294384002686,3.4058659076690674,3.399019718170166,3.411435127258301,3.4008755683898926,3.4153149127960205,3.4022293090820312,3.392514944076538,3.3950130939483643,3.418013572692871
3,3.398695468902588,3.407437801361084,3.3969063758850098,3.407579183578491,3.408581018447876,3.4039433002471924,3.408466100692749,3.3933279514312744,3.396714210510254,3.4123728275299072
