round_num,accuracy,loss
0,0.017473789316025962,2.0619370759991607
1,0.6669995007488767,1.5887498148548205
2,0.6674987518721918,1.2996135612636344
3,0.6674987518721918,1.2470136489561066
