round_num,accuracy,loss
0,0.1005,2.4058629096984863
1,0.4202,2.114237512207031
2,0.7135,1.495878037261963
3,0.7841,1.1976206188201903
