round_num,accuracy,loss
0,0.05341987019470794,1.9477882153143957
1,0.6674987518721918,1.2978600574265822
2,0.6674987518721918,1.484652262238699
3,0.6674987518721918,1.6702099489796716
