round_num,accuracy,loss
0,0.0931,2.364223900604248
1,0.2555,2.2780901920318604
2,0.4253,1.984967244720459
3,0.5079,1.7868651315689086
