round_num,node_0,node_1,node_2,node_3,node_4,node_5,node_6,node_7,node_8,node_9
1,3.1720364093780518,3.1896212100982666,3.176201820373535,3.175666332244873,3.1719424724578857,3.164379358291626,3.1555099487304688,3.1746678352355957,3.158400535583496,3.173114061355591
2,3.1735615730285645,3.1776907444000244,3.1745686531066895,3.177729368209839,3.1743316650390625,3.171685218811035,3.169167995452881,3.170844793319702,3.167505979537964,3.175389289855957
3,3.190396785736084,3.177973508834839,3.1716725826263428,3.1722946166992188,3.1630918979644775,3.171335220336914,3.1778101921081543,3.1721787452697754,3.1827750205993652,3.170285224914551
