round_num,accuracy,loss
0,0.0974,2.355604748535156
1,0.7469,1.3261749273300172
2,0.8309,0.8925635659217834
3,0.8551,0.6868160479545593
