round_num,accuracy,loss
0,0.1026,2.4156151607513427
1,0.6607,1.3239380964279175
2,0.7057,0.9668385473251343
3,0.738,0.7893791093826293
