round_num,accuracy,loss
0,0.1223,2.3743086307525636
1,0.6238,1.3113447666168212
2,0.6885,0.9893121421813965
3,0.7236,0.8402890050888061
