round_num,node_0,node_1,node_2,node_3,node_4,node_5,node_6,node_7,node_8,node_9
1,3.188875913619995,3.188910961151123,3.181124448776245,3.187727689743042,3.172208547592163,3.1815011501312256,3.184432029724121,3.1911182403564453,3.1813583374023438,3.1800966262817383
2,3.1850132942199707,3.1889166831970215,3.1796789169311523,3.188601016998291,3.1847527027130127,3.1809661388397217,3.182441234588623,3.1766769886016846,3.1910433769226074,3.1851367950439453
3,3.1838812828063965,3.1917471885681152,3.1855790615081787,3.198150873184204,3.196202039718628,3.180879831314087,3.192131757736206,3.187135934829712,3.18845796585083,3.187429189682007
