round_num,accuracy,loss
0,0.10883674488267599,2.1296364498090816
1,0.6674987518721918,1.3114317266332824
2,0.6674987518721918,1.1948006090615548
3,0.6674987518721918,1.1899673750682647
