round_num,node_0,node_1,node_2,node_3,node_4,node_5,node_6,node_7,node_8,node_9
1,3.211376905441284,3.1895363330841064,3.2001585960388184,3.2086026668548584,3.2096996307373047,3.209460496902466,3.2154126167297363,3.2115211486816406,3.220513343811035,3.211639404296875
2,3.2225282192230225,3.214383125305176,3.206801414489746,3.209865093231201,3.1962170600891113,3.211247444152832,3.2065510749816895,3.195173501968384,3.2117176055908203,3.2123091220855713
3,3.196455955505371,3.211280345916748,3.2204036712646484,3.207078456878662,3.1996068954467773,3.2195675373077393,3.209306478500366,3.2199971675872803,3.2133140563964844,3.2230687141418457
