round_num,node_0,node_1,node_2,node_3,node_4,node_5,node_6,node_7,node_8,node_9
1,3.267014980316162,3.2885875701904297,3.286041021347046,3.2912817001342773,3.288273811340332,3.2830777168273926,3.265388250350952,3.2894017696380615,3.273395299911499,3.280688524246216
2,3.2813334465026855,3.2704474925994873,3.275285005569458,3.291447401046753,3.284658432006836,3.2944679260253906,3.2893993854522705,3.303032636642456,3.290288209915161,3.2812671661376953
3,3.2717814445495605,3.2937357425689697,3.303683042526245,3.3006579875946045,3.2876007556915283,3.2833919525146484,3.2893519401550293,3.284576416015625,3.279520034790039,3.297297239303589
