round_num,accuracy,loss
0,0.1239,2.418763914489746
1,0.6467,1.3174127689361572
2,0.7418,0.8908104741096496
3,0.7642,0.72476036195755
