round_num,accuracy,loss
0,0.6674987518721918,1.5219652488478053
1,0.6674987518721918,1.2001526520303412
2,0.6674987518721918,1.234632602585475
3,0.6674987518721918,1.3028813238091548
