round_num,accuracy,loss
0,0.10683974038941588,1.8550382133608632
1,0.6674987518721918,1.1822382028377836
2,0.6674987518721918,1.1891771288318034
3,0.6674987518721918,1.20002036057766
