round_num,accuracy,loss
0,0.105,2.3771084316253663
1,0.2355,2.2569987049102784
2,0.2446,2.184076078414917
3,0.269,2.1036935859680175
