round_num,accuracy,loss
0,0.1076,2.385124892807007
1,0.1671,2.4280304359436036
2,0.121,2.3326273487091065
3,0.3223,2.217465172958374
