round_num,accuracy,loss
0,0.10584123814278582,2.321896704803749
1,0.6535197204193709,1.6855098353108346
2,0.6674987518721918,1.3033584803863578
3,0.6674987518721918,1.2277249082945254
