round_num,node_0,node_1,node_2,node_3,node_4,node_5,node_6,node_7,node_8,node_9
1,3.0315494537353516,3.037625312805176,3.0294902324676514,3.0373921394348145,3.0308830738067627,3.033306837081909,3.030799388885498,3.02543306350708,3.0367774963378906,3.027425765991211
2,3.040239095687866,3.015800952911377,3.0232560634613037,3.0469141006469727,3.0387885570526123,3.0215237140655518,3.021921396255493,3.0129234790802,3.0379018783569336,3.0342936515808105
3,3.0273609161376953,3.0446720123291016,3.0376169681549072,3.031698226928711,3.0461437702178955,3.0247414112091064,3.016126871109009,3.02790904045105,3.0402450561523438,3.0341670513153076
