round_num,accuracy,loss
0,0.1248,2.3781414722442626
1,0.7443,1.3528403970718383
2,0.8249,0.9180130153656005
3,0.854,0.7041040180206298
