round_num,accuracy,loss
0,0.088,2.344227373123169
1,0.7279,1.3631159002304076
2,0.8091,0.9198676771163941
3,0.847,0.6959260272979736
