round_num,accuracy,loss
0,0.1158,2.3749859783172607
1,0.3678,2.060649420928955
2,0.5897,1.6803854110717773
3,0.6794,1.349433787727356
