round_num,node_0,node_1,node_2,node_3,node_4,node_5,node_6,node_7,node_8,node_9,node_10,node_11,node_12,node_13,node_14
1,3.3263373374938965,3.328418016433716,3.332202911376953,3.3240609169006348,3.3270537853240967,3.327022075653076,3.3367624282836914,3.333601713180542,3.3340492248535156,3.324885606765747,3.337428092956543,3.3452019691467285,3.323129177093506,3.3334734439849854,3.320220947265625
2,3.3324785232543945,3.3263535499572754,3.32767915725708,3.319042682647705,3.340301513671875,3.3360486030578613,3.3318679332733154,3.328831195831299,3.335662841796875,3.3272855281829834,3.3315956592559814,3.3378067016601562,3.307272434234619,3.333127737045288,3.3202216625213623
3,3.341402053833008,3.32519793510437,3.3159568309783936,3.340858221054077,3.3225910663604736,3.3451321125030518,3.326472520828247,3.3225793838500977,3.333141326904297,3.3380939960479736,3.3395602703094482,3.320460319519043,3.336514472961426,3.345062017440796,3.332976818084717
