round_num,accuracy,loss
0,0.0748,2.359612261581421
1,0.5887,1.5107344352722167
2,0.7138,1.085773352432251
3,0.7442,0.8769306571960449
