round_num,accuracy,loss
0,0.010484273589615577,2.220832695915767
1,0.6674987518721918,1.3151812789086634
2,0.6674987518721918,1.2927897488303144
3,0.6674987518721918,1.2061693245211185
