round_num,accuracy,loss
0,0.010484273589615577,2.259143849461899
1,0.010484273589615577,1.823742428899585
2,0.6674987518721918,1.4290148725047804
3,0.6674987518721918,1.3379185413992887
