round_num,accuracy,loss
0,0.010484273589615577,1.9248655323856065
1,0.10883674488267599,1.952898252147231
2,0.5391912131802297,1.1304712138411646
3,0.6615077383924114,0.9516745678377461
