round_num,node_0,node_1,node_2,node_3,node_4,node_5,node_6,node_7,node_8,node_9
1,3.3697962760925293,3.4069926738739014,3.3864328861236572,3.394118309020996,3.391772508621216,3.376206398010254,3.381251335144043,3.368492841720581,3.3927700519561768,3.397831916809082
2,3.3951687812805176,3.3824422359466553,3.407353401184082,3.3755123615264893,3.358187437057495,3.3660025596618652,3.400181770324707,3.4077250957489014,3.3755993843078613,3.391143798828125
3,3.3963441848754883,3.399075508117676,3.38071346282959,3.3808634281158447,3.370117664337158,3.3627140522003174,3.3682775497436523,3.383420467376709,3.379331588745117,3.3691749572753906
