round_num,accuracy,loss
0,0.1486,2.315902909088135
1,0.7425,1.345681644630432
2,0.8149,0.917446673488617
3,0.8353,0.7103550611495971
