round_num,accuracy,loss
0,0.0823,2.379182136917114
1,0.7631,1.365648024559021
2,0.8238,0.9313385141372681
3,0.8391,0.71421487865448
