round_num,accuracy,loss
0,0.1046,2.391654622268677
1,0.383,2.166622541809082
2,0.651,1.5999213476181031
3,0.7594,1.274085505104065
