round_num,accuracy,loss
0,0.1041,2.3857699718475343
1,0.6896,0.907577529001236
2,0.8474,0.3968169608592987
3,0.7252,0.9063588237762451
