round_num,node_0,node_1,node_2,node_3,node_4,node_5,node_6,node_7,node_8,node_9
1,4.361392974853516,4.049437522888184,4.132809638977051,4.2531352043151855,4.126145839691162,4.163400173187256,4.299081325531006,4.3927903175354,4.1552958488464355,4.349798202514648
2,4.550519943237305,4.447609901428223,4.498821258544922,4.595539093017578,4.366509437561035,4.498095989227295,4.450444221496582,4.475696086883545,4.437740802764893,4.465682506561279
3,4.749139785766602,4.7672200202941895,4.727768421173096,4.6830830574035645,4.62227201461792,4.681337833404541,4.6863484382629395,4.735998153686523,4.7279744148254395,4.769899368286133
