round_num,accuracy,loss
0,0.05791313030454318,1.8089385451642026
1,0.6674987518721918,1.2669175665079804
2,0.6674987518721918,1.3431568751023284
3,0.6674987518721918,1.4264475975819844
