round_num,accuracy,loss
0,0.0657,2.3601155574798582
1,0.6549,1.1866390851974487
2,0.8232,0.4817488443136215
3,0.7531,0.613187050819397
